,id,lat,lng,text,Parsed,lemmas
0,928641173232664577,14.683012,121.0627355,''GAGO SAKSES MATUTULOG NAKO BALANA MIDTERMS KO https://t.co/5TaH8hdBsC'',''GAGO SAKSES MATUTULOG NAKO BALANA MIDTERMS KO https://t.co/5TaH8hdBsC'',"['gago', 'sakses', 'matutulog', 'nako', 'balana', 'midterms']"
1,928642324996878336,14.5847555,121.0392605,''ğŸ™ https://t.co/GN6TQgY21O'',''ğŸ™ https://t.co/GN6TQgY21O'',[]
2,928652916272926720,14.4304565,120.96950149999999,''anuna HAHA https://t.co/uygQOL1YG7'',''anuna HAHA https://t.co/uygQOL1YG7'',"['anuna', 'haha']"
3,928652165198987265,14.7108935,121.0311415,''Mag eenroll pa naman sana ako bukas!! ğŸ˜­ğŸ˜­ğŸ˜­ https://t.co/BH19Eyd7NW'',''Mag eenroll pa naman sana ako bukas!! ğŸ˜­ğŸ˜­ğŸ˜­ https://t.co/BH19Eyd7NW'',"['mag', 'eenroll', 'naman', 'sana', 'ako', 'bukas', 'ğŸ˜­ğŸ˜­ğŸ˜­']"
4,928641683369029633,14.683012,121.0627355,''Ate Biv @LoQueSoy_Biv and pamangkins ğŸ˜ƒğŸ˜ƒ https://t.co/NnjEr3mU0w'',''Ate Biv @LoQueSoy_Biv and pamangkins ğŸ˜ƒğŸ˜ƒ https://t.co/NnjEr3mU0w'',"['eat', 'biv', 'pamangkin']"
5,928653620198776833,14.683012,121.0627355,''yEheeez https://t.co/04J0rgJ3ty'',''yEheeez https://t.co/04J0rgJ3ty'',['yeheeez']
6,928642744431525889,14.606717499999998,121.12422749999999,''Naysu https://t.co/Rfa6KBkGeO'',''Naysu https://t.co/Rfa6KBkGeO'',['naysu']
7,928641233190137856,14.5328815,121.0069495,''THANK GOD!ğŸ’– https://t.co/jBw3r6hMue'',''THANK GOD!ğŸ’– https://t.co/jBw3r6hMue'',"['thank', 'god!ğŸ’–']"
8,928645081732587520,14.4304565,120.96950149999999,''@CEUmanila anuna https://t.co/dpRzZvZoxe'',''@CEUmanila anuna https://t.co/dpRzZvZoxe'',['anuna']
9,928646762960580608,14.5914565,120.9839865,''Yes! walang consultation haha https://t.co/B5GvqFIkRe'',''Yes! walang consultation haha https://t.co/B5GvqFIkRe'',"['yes', 'walang', 'consultation', 'haha']"
10,928642510569615362,14.712613000000001,120.97565549999999,''Keep safe everyone!! ğŸ’¯ https://t.co/FU72dTnmNB'',''Keep safe everyone!! ğŸ’¯ https://t.co/FU72dTnmNB'',['safe']
11,928655666008358912,14.5847555,121.0392605,''nakakatouch naman pu https://t.co/DrpGAPlN3f'',''nakakatouch naman pu https://t.co/DrpGAPlN3f'',"['nakakatouch', 'naman']"
12,928650601713475584,13.3382755,121.184074,''HOYYYY STAY SAFE MGA CALAPEÃ‘O!! #SalomePH https://t.co/LGvGNTCxAa'',''HOYYYY STAY SAFE MGA CALAPEÃ‘O!! #SalomePH https://t.co/LGvGNTCxAa'',"['hoyyyy', 'stay', 'safe', 'mga', 'calapeÃ±o', 'salomeph']"
13,928681614896349185,14.5914565,120.9839865,''Nakakamiss din https://t.co/xRGir5ExFt'',''Nakakamiss din https://t.co/xRGir5ExFt'',"['nakakamiss', 'din']"
14,928642792682807298,14.683012,121.0627355,"''#WalangPasok PUBLIC ADVISORY. Classes in all levels, public and private, in the City of Manila, have been SUSPENDEDâ€¦ https://t.co/7U4V67NRWp''","''#WalangPasok PUBLIC ADVISORY. Classes in all levels, public and private, in the City of Manila, have been SUSPENDEDâ€¦ https://t.co/7U4V67NRWp''","['walangpasok', 'public', 'advisory', 'class', 'level', 'public', 'private', 'city', 'manila', 'suspended']"
15,928650594629406721,14.5914565,120.9839865,''#WALANGPASOK https://t.co/ttZ85r0Agk'',''#WALANGPASOK https://t.co/ttZ85r0Agk'',['walangpasok']
16,928644794166870016,14.5914565,120.9839865,''Before suspension: Oi ano na mayor tagal mo nmn mag suspend After suspension: lodi ka mayor  #WalangPasok'',''Before suspension: Oi ano na mayor tagal mo nmn mag suspend After suspension: lodi ka mayor  #WalangPasok'',"['suspension', 'ano', 'mayor', 'tagal', 'nmn', 'mag', 'suspend', 'suspension', 'lodi', 'mayor', 'walangpasok']"
17,928645558838816768,14.683012,121.0627355,''STAY SAFE AND DRY MGA FRIENDSHIPSSS https://t.co/rIAlf2x66B'',''STAY SAFE AND DRY MGA FRIENDSHIPSSS https://t.co/rIAlf2x66B'',"['stay', 'safe', 'dry', 'mga', 'friendshipsss']"
18,928641811802865664,14.5914565,120.9839865,''Smeg sem is cancelledt lol stay safe frens https://t.co/cvSx2JcbJu'',''Smeg sem is cancelledt lol stay safe frens https://t.co/cvSx2JcbJu'',"['smeg', 'sem', 'cancelledt', 'lol', 'stay', 'safe', 'fren']"
19,928645527977189376,14.683012,121.0627355,''Anuna Manila? Suspended ba? Para alam ko kung gagawa na ako ng report kay sir Fabian o hindi https://t.co/1rTr0imcy6'',''Anuna Manila? Suspended ba? Para alam ko kung gagawa na ako ng report kay sir Fabian o hindi https://t.co/1rTr0imcy6'',"['anuna', 'manila', 'suspend', 'para', 'alam', 'kung', 'gagawa', 'ako', 'report', 'kay', 'sir', 'fabian', 'hindi']"
20,928655085466349569,14.5914565,120.9839865,''Thank you https://t.co/owC4qXOAPC'',''Thank you https://t.co/owC4qXOAPC'',['thank']
21,928647703373811714,14.5914565,120.9839865,''Gawaan na ng grades at bigayan na ng cards sa monday! Tapos biglang #WalangPasok bukas? So pano na? Kakabayuhin na naman ba natin ito?ğŸ˜‘ğŸ˜‘ğŸ˜‘ğŸ˜‘ğŸ˜‘'',''Gawaan na ng grades at bigayan na ng cards sa monday! Tapos biglang #WalangPasok bukas? So pano na? Kakabayuhin na naman ba natin ito?ğŸ˜‘ğŸ˜‘ğŸ˜‘ğŸ˜‘ğŸ˜‘'',"['gawaan', 'grade', 'bigayan', 'card', 'monday', 'tapos', 'biglang', 'walangpasok', 'bukas', 'pano', 'kakabayuhin', 'naman', 'natin', 'ito?ğŸ˜‘ğŸ˜‘ğŸ˜‘ğŸ˜‘ğŸ˜‘']"
22,928673047678107653,14.483414000000002,121.01080300000001,''Magbunyi!!! https://t.co/wdxhUXvscZ'',''Magbunyi!!! https://t.co/wdxhUXvscZ'',['magbunyi']
23,928649402394165248,14.683012,121.0627355,''Pasig: the baha-free city https://t.co/PMEbAKf7Wu'',''Pasig: the baha-free city https://t.co/PMEbAKf7Wu'',"['pasig', 'baha', 'free', 'city']"
24,928642894381977601,14.5914565,120.9839865,''BOOM!!! YAAAAS HAHAHAHAHA https://t.co/8V0DIY73yQ'',''BOOM!!! YAAAAS HAHAHAHAHA https://t.co/8V0DIY73yQ'',"['boom', 'yaaaas', 'hahahahaha']"
25,928641533078679552,14.5914565,120.9839865,''Just when I started praying for no suspension gi suspend. Maayo jud ka Tito Erap #WalangPasok'',''Just when I started praying for no suspension gi suspend. Maayo jud ka Tito Erap #WalangPasok'',"['start', 'pray', 'suspension', 'suspend', 'maayo', 'jud', 'tito', 'erap', 'walangpasok']"
26,928641360604700673,14.683012,121.0627355,''Happy SUPER LONG WEEKEND!!! ğŸ˜‚ğŸ˜‚ğŸ˜‚ #WalangPasok #walwalanna'',''Happy SUPER LONG WEEKEND!!! ğŸ˜‚ğŸ˜‚ğŸ˜‚ #WalangPasok #walwalanna'',"['happy', 'super', 'long', 'weekend', 'ğŸ˜‚ğŸ˜‚ğŸ˜‚', 'walangpasok', 'walwalanna']"
27,928678007249649665,14.278017000000002,121.09037350000001,''â›ˆâ›ˆâ›ˆ https://t.co/601FLeEP1j'',''â›ˆâ›ˆâ›ˆ https://t.co/601FLeEP1j'',['â›ˆâ›ˆâ›ˆ']
28,928651708510507008,14.683012,121.0627355,''Yung mas mabilis pa ang retweets ng class suspension announcement ni Erap kaysa sa mga reply mo sa akin.â€¦ https://t.co/bsBQJHIvnH'',''Yung mas mabilis pa ang retweets ng class suspension announcement ni Erap kaysa sa mga reply mo sa akin.â€¦ https://t.co/bsBQJHIvnH'',"['yung', 'mas', 'mabilis', 'ang', 'retweet', 'class', 'suspension', 'announcement', 'erap', 'kaysa', 'mga', 'reply', 'akin']"
29,928655153971863552,14.5464995,121.033212,''#SalomePH  #jgh#maulan#trapik#baha'',''#SalomePH  #jgh#maulan#trapik#baha'',"['salomeph', 'jgh#maulan#trapik#baha']"
30,928650348721405953,14.5464995,121.033212,"''Keep safe, dry, and warm. #SalomePH''","''Keep safe, dry, and warm. #SalomePH''","['safe', 'dry', 'warm', 'salomeph']"
31,928642447843794944,14.5914565,120.9839865,''@__zaaa__  hello https://t.co/gTLELXWxQq'',''@__zaaa__  hello https://t.co/gTLELXWxQq'',['hello']
32,928641156333715456,14.5914565,120.9839865,''@_laradionisio @USTCSS NAILABAN HAHAHA #WalangPasok'',''@_laradionisio @USTCSS NAILABAN HAHAHA #WalangPasok'',"['nailaban', 'hahaha', 'walangpasok']"
33,928640736140042240,14.4388285,120.995337,"''Mayor, itâ€™s already 11 pm and you just decided now to announce that #WalangPasok for tomorrow. Where almost all theâ€¦ https://t.co/5pNGtlKsM5''","''Mayor, itâ€™s already 11 pm and you just decided now to announce that #WalangPasok for tomorrow. Where almost all theâ€¦ https://t.co/5pNGtlKsM5''","['mayor', 'decide', 'announce', 'walangpasok', 'tomorrow']"
34,928685033354797056,9.295242,123.27757700000001,''Ingat po ang mga natamaan ng buying #SalomePH .God bless po sa ating lahat'',''Ingat po ang mga natamaan ng buying #SalomePH .God bless po sa ating lahat'',"['ingat', 'ang', 'mga', 'natamaan', 'buying', 'salomeph', '.god', 'bless', 'lahat']"
35,928667952500555776,14.306869500000001,121.0690575,''Keep safe guys. ğŸ˜˜ #Taba #SalomePH https://t.co/2ywxtfZAZ6'',''Keep safe guys. ğŸ˜˜ #Taba #SalomePH https://t.co/2ywxtfZAZ6'',"['safe', 'guy', 'taba', 'salomeph']"
36,928643711143092224,14.5914565,120.9839865,''Wait lang kayo guys sa announcement kung open ba ang school tomorrow for enrollment... ğŸ¤™ğŸ¼ https://t.co/fGp2hCfRp3'',''Wait lang kayo guys sa announcement kung open ba ang school tomorrow for enrollment... ğŸ¤™ğŸ¼ https://t.co/fGp2hCfRp3'',"['wait', 'lang', 'kayo', 'guy', 'announcement', 'kung', 'open', 'ang', 'school', 'tomorrow', 'enrollment']"
37,928643202931769344,14.2538655,121.10992900000001,''ğŸ’– https://t.co/cgilkV85G0'',''ğŸ’– https://t.co/cgilkV85G0'',[]
38,928647219057631233,14.683012,121.0627355,"''thank you Lord, I reaaally needed this suspension ğŸ™ğŸ¼ğŸ™ğŸ¼ #IRememberABoy https://t.co/YFF8kYRFXr''","''thank you Lord, I reaaally needed this suspension ğŸ™ğŸ¼ğŸ™ğŸ¼ #IRememberABoy https://t.co/YFF8kYRFXr''","['thank', 'lord', 'reaaally', 'need', 'suspension', 'ğŸ™ğŸ¼ğŸ™ğŸ¼', 'irememberaboy']"
39,928640974955339778,14.5914565,120.9839865,''Stay Dry &amp; Safe MNL. ğŸ‘ŒğŸ¼ #SalomePH'',''Stay Dry &amp; Safe MNL. ğŸ‘ŒğŸ¼ #SalomePH'',"['stay', 'dry', 'amp', 'safe', 'mnl', 'salomeph']"
40,928643570860400641,14.4388285,120.995337,''#SalomePH  Is under sigual no 2 na sa merto manlia'',''#SalomePH  Is under sigual no 2 na sa merto manlia'',"['salomeph', 'sigual', 'merto', 'manlia']"
41,928641667652923392,14.683012,121.0627355,''Yassss i deserve to sleep https://t.co/ll8EK6lZRI'',''Yassss i deserve to sleep https://t.co/ll8EK6lZRI'',"['yassss', 'deserve', 'sleep']"
42,928642086458474497,14.602503,121.038362,''1st âœ¨ https://t.co/9K5kxEXEFW'',''1st âœ¨ https://t.co/9K5kxEXEFW'',['1st']
43,928655306623614976,14.41719,121.20684550000001,"''Buti pa ''''yung #SalomePH nararamdaman niya. ''''Yung feelings ko kaya para sa kanya, kelan niya mararamdaman? ğŸ™„ğŸ˜ğŸ˜¶''","''Buti pa ''''yung #SalomePH nararamdaman niya. ''''Yung feelings ko kaya para sa kanya, kelan niya mararamdaman? ğŸ™„ğŸ˜ğŸ˜¶''","['buti', 'yung', 'salomeph', 'nararamdaman', 'niya', 'yung', 'feeling', 'kaya', 'para', 'kanya', 'kelan', 'niya', 'mararamdaman', 'ğŸ™„ğŸ˜ğŸ˜¶']"
44,928656143169208321,14.5464995,121.033212,''Keep safe everyone #SalomePH'',''Keep safe everyone #SalomePH'',"['safe', 'salomeph']"
45,928645399568531456,14.683012,121.0627355,''UHM THANK YOU!!?????? https://t.co/AjAdoUZ04G'',''UHM THANK YOU!!?????? https://t.co/AjAdoUZ04G'',"['uhm', 'thank']"
46,928646735013937152,14.5833065,121.08234499999999,''Hahahaha #WalangPasok bukas'',''Hahahaha #WalangPasok bukas'',"['hahahaha', 'walangpasok', 'bukas']"
47,928646686708137984,14.5914565,120.9839865,''kayang bilangin kung ilang araw lang pumasok ngayong quarter eh ğŸ˜ https://t.co/tFKD9sWGtC'',''kayang bilangin kung ilang araw lang pumasok ngayong quarter eh ğŸ˜ https://t.co/tFKD9sWGtC'',"['kayang', 'bilangin', 'kung', 'ilang', 'araw', 'lang', 'pumasok', 'ngayong', 'quarter']"
48,928656545444872193,14.683012,121.0627355,''Omg official na https://t.co/DDMMEQLnAM'',''Omg official na https://t.co/DDMMEQLnAM'',"['omg', 'official']"
49,928641745381818368,14.5914565,120.9839865,''RITWAL SUCCESSSSSSSSSS! â˜ https://t.co/6drh7GL6pu'',''RITWAL SUCCESSSSSSSSSS! â˜ https://t.co/6drh7GL6pu'',"['ritwal', 'successssssssss']"
50,928640551590567936,14.5328815,121.0069495,''#homebound  #cuddleweather  #SalomePH'',''#homebound  #cuddleweather  #SalomePH'',"['homebound', 'cuddleweather', 'salomeph']"
51,928674977414463489,3.58642652,98.66322038,''#redvelvetdrama #kltu #Mygenerationfilm #COP23 #themasksinger3 #RegistrasiAman #CMAawards #OPPOF5 #IraivaLyricVideoâ€¦ https://t.co/YgHEXulMoq'',''#redvelvetdrama #kltu #Mygenerationfilm #COP23 #themasksinger3 #RegistrasiAman #CMAawards #OPPOF5 #IraivaLyricVideoâ€¦ https://t.co/YgHEXulMoq'',"['redvelvetdrama', 'kltu', 'mygenerationfilm', 'cop23', 'themasksinger3', 'registrasiaman', 'cmaaward', 'oppof5', 'iraivalyricvideo']"
52,928729575642693632,14.683012,121.0627355,''FUCK NOOOOO https://t.co/QBgOReBR0v'',''FUCK NOOOOO https://t.co/QBgOReBR0v'',"['fuck', 'nooooo']"
53,928642934370533377,15.5931,120.7391,''â’ˆ #WalangPasok â’‰ NDRRMC â’Š #WelcometoMNLHyungsik â’‹ #LLSBlackParty â’Œ #DsChristmas  2017/11/9 23:13 +08 #trndnl https://t.co/dRwxiUtCOV'',''â’ˆ #WalangPasok â’‰ NDRRMC â’Š #WelcometoMNLHyungsik â’‹ #LLSBlackParty â’Œ #DsChristmas  2017/11/9 23:13 +08 #trndnl https://t.co/dRwxiUtCOV'',"['walangpasok', 'ndrrmc', 'welcometomnlhyungsik', 'llsblackparty', 'dschristmas', '2017/11/9', '23:13', 'trndnl']"
54,928643707296821249,14.5914565,120.9839865,''My future self is crying from all the exams she now has to cram all in her head in such a short time https://t.co/vR01b1F2xh'',''My future self is crying from all the exams she now has to cram all in her head in such a short time https://t.co/vR01b1F2xh'',"['future', 'self', 'cry', 'exam', 'cram', 'head', 'short', 'time']"
55,928649241517481984,14.5914565,120.9839865,"''Ahhh! I love you more when you tweet HIMYM gifs, USTLMS socmed handler.   We just talked about Ted Mosby during ourâ€¦ https://t.co/49m9jfadoH''","''Ahhh! I love you more when you tweet HIMYM gifs, USTLMS socmed handler.   We just talked about Ted Mosby during ourâ€¦ https://t.co/49m9jfadoH''","['ahhh', 'love', 'tweet', 'himym', 'gif', 'ustlms', 'socm', 'handler', 'talk', 'ted', 'mosby']"
56,928642649413660673,14.606717499999998,121.12422749999999,''@monietoreno This is it. Ingat Kyo. https://t.co/SpZtx27bgt'',''@monietoreno This is it. Ingat Kyo. https://t.co/SpZtx27bgt'',"['ingat', 'kyo']"
57,928646796179415040,13.959385999999999,122.97877849999999,''Stay safe people! #SalomePH https://t.co/ZXFTetbDMz'',''Stay safe people! #SalomePH https://t.co/ZXFTetbDMz'',"['stay', 'safe', 'people', 'salomeph']"
58,928654464675823618,14.5914565,120.9839865,''thank you makakapagpuyat na ko in peace ilang season kaya matatapos ko tonight https://t.co/G43FL4AwX4'',''thank you makakapagpuyat na ko in peace ilang season kaya matatapos ko tonight https://t.co/G43FL4AwX4'',"['thank', 'makakapagpuyat', 'peace', 'ilang', 'season', 'kaya', 'matatapos', 'tonight']"
59,928641314014486528,14.567526,121.01720900000001,"''@nawmiii https://t.co/8qGsgmli5T oh, anong exam exam''","''@nawmiii https://t.co/8qGsgmli5T oh, anong exam exam''","['anong', 'exam', 'exam']"
60,928676579865018368,33.8446495,-118.1130755,''bukas ^__^ https://t.co/pmXw7Q4ads'',''bukas ^__^ https://t.co/pmXw7Q4ads'',"['bukas', '^__^']"
61,928643670034694144,14.606717499999998,121.12422749999999,"''pati saturday pls, yoko umuwi ng 6:30pm ğŸ™„ https://t.co/CsxuLSqY4X''","''pati saturday pls, yoko umuwi ng 6:30pm ğŸ™„ https://t.co/CsxuLSqY4X''","['pati', 'saturday', 'pls', 'yoko', 'umuwi', '6:30pm']"
62,928643941355761665,14.606717499999998,121.12422749999999,''sana next year isa na rin ako sa mga nagr-RT &amp; like ng mga announcements sa twitter pages ng UST hihihi ğŸ¯ https://t.co/c6wmKRtQoi'',''sana next year isa na rin ako sa mga nagr-RT &amp; like ng mga announcements sa twitter pages ng UST hihihi ğŸ¯ https://t.co/c6wmKRtQoi'',"['sana', 'year', 'isa', 'rin', 'ako', 'mga', 'nagr', 'amp', 'like', 'mga', 'announcement', 'twitter', 'page', 'ust', 'hihihi']"
63,928653630873280513,14.545517499999999,121.070172,"''As possible, wag nang lumabas at magwalwal kung ayaw mabasa ng ulan. Ingat po tayong lahat at manalangin lagi sa Diâ€¦ https://t.co/JCFM73eroV''","''As possible, wag nang lumabas at magwalwal kung ayaw mabasa ng ulan. Ingat po tayong lahat at manalangin lagi sa Diâ€¦ https://t.co/JCFM73eroV''","['possible', 'wag', 'nang', 'lumabas', 'magwalwal', 'kung', 'ayaw', 'mabasa', 'ulan', 'ingat', 'tayong', 'lahat', 'manalangin', 'lagi']"
64,928644914006573056,14.683012,121.0627355,'':( https://t.co/We0Ni0Emrh'','':( https://t.co/We0Ni0Emrh'',[]
65,928741945156935681,14.067509,121.17481599999999,''Walang pasok! https://t.co/6uljWj9sek'',''Walang pasok! https://t.co/6uljWj9sek'',"['walang', 'pasok']"
66,928653516444332032,14.5914565,120.9839865,''Pwede po manood bukas? :)) https://t.co/dkakqMc5Bz'',''Pwede po manood bukas? :)) https://t.co/dkakqMc5Bz'',"['pwede', 'manood', 'bukas']"
67,928644355157516288,14.5914565,120.9839865,''@GLIAAAAAAN ğŸ¤—ğŸ¤—ğŸ¤— https://t.co/vNZJhXjhna'',''@GLIAAAAAAN ğŸ¤—ğŸ¤—ğŸ¤— https://t.co/vNZJhXjhna'',['ğŸ¤—ğŸ¤—ğŸ¤—']
68,928641674204495873,14.5914565,120.9839865,''Well played https://t.co/YI6MaUCf7p'',''Well played https://t.co/YI6MaUCf7p'',['play']
69,928645402881957889,14.567526,121.01720900000001,"''JUST IN:  #WalangPasok in MANILA!  Classes in ALL LEVELS, public and private are suspended on Friday, November 10.â€¦ https://t.co/bcE5woB0a3''","''JUST IN:  #WalangPasok in MANILA!  Classes in ALL LEVELS, public and private are suspended on Friday, November 10.â€¦ https://t.co/bcE5woB0a3''","['walangpasok', 'manila', 'class', 'levels', 'public', 'private', 'suspend', 'friday', 'november']"
70,928642242851479552,14.329444,120.899548,''Thankyouu https://t.co/2RcgbwysgS'',''Thankyouu https://t.co/2RcgbwysgS'',['thankyouu']
71,928646131332005888,14.5464995,121.033212,''Signal no. 2 Metro Manila #StaySafe #SalomePH'',''Signal no. 2 Metro Manila #StaySafe #SalomePH'',"['signal', 'metro', 'manila', 'staysafe', 'salomeph']"
72,928679108577333249,14.4304565,120.96950149999999,''Buti pa sila. 280 characters na ğŸ˜­ğŸ˜­ğŸ˜­ğŸ˜­ https://t.co/SCDpqRVTcQ'',''Buti pa sila. 280 characters na ğŸ˜­ğŸ˜­ğŸ˜­ğŸ˜­ https://t.co/SCDpqRVTcQ'',"['buti', 'sila', 'character', 'ğŸ˜­ğŸ˜­ğŸ˜­ğŸ˜­']"
73,928642799808888832,14.5914565,120.9839865,''Boom! Sabi na e. Mag sisignal number 2. Hahahaha. (((: https://t.co/UX7AXkEWm2'',''Boom! Sabi na e. Mag sisignal number 2. Hahahaha. (((: https://t.co/UX7AXkEWm2'',"['boom', 'sabi', 'mag', 'sisignal', 'number', 'hahahaha']"
74,928641875480690689,14.1559945,121.213935,''@BEArable__ https://t.co/Xt1J2hxggg'',''@BEArable__ https://t.co/Xt1J2hxggg'',[]
75,928641918321311744,14.860594,121.16399750000001,''Stay safe and hope they suspend class tomorrow #SalomePH God please take care of us ğŸ™ğŸ˜‡ rain won''''t stop ğŸŒ§'',''Stay safe and hope they suspend class tomorrow #SalomePH God please take care of us ğŸ™ğŸ˜‡ rain won''''t stop ğŸŒ§'',"['stay', 'safe', 'hope', 'suspend', 'class', 'tomorrow', 'salomeph', 'god', 'care', 'rain', ""won''''t"", 'stop']"
76,928643073227104256,14.5328815,121.0069495,''Pasuspend naman hanggang sat ohhhh di ako ready magMandarin https://t.co/5Y0aqBOcQA'',''Pasuspend naman hanggang sat ohhhh di ako ready magMandarin https://t.co/5Y0aqBOcQA'',"['pasuspend', 'naman', 'hanggang', 'sit', 'ohhhh', 'ako', 'ready', 'magmandarin']"
77,928645003793985536,14.4388285,120.995337,''Take two #SalomePH Is under signal no.2 sa merto manlia'',''Take two #SalomePH Is under signal no.2 sa merto manlia'',"['salomeph', 'signal', 'no.2', 'merto', 'manlia']"
78,928641445405245441,14.683012,121.0627355,''Demn https://t.co/SpPI3SDpBu'',''Demn https://t.co/SpPI3SDpBu'',['demn']
79,928641440506290176,14.5847555,121.0392605,''Haba ng #WalangPasok hahahaahaha'',''Haba ng #WalangPasok hahahaahaha'',"['haba', 'walangpasok', 'hahahaahaha']"
80,928653542952353795,14.3135285,120.968701,''Spoils talaga sa mga Governors ang mga CaviteÃ±o. #Cavite #WalangPasok #BoyingRemulla @BoyingRemulla @jonvicremulla'',''Spoils talaga sa mga Governors ang mga CaviteÃ±o. #Cavite #WalangPasok #BoyingRemulla @BoyingRemulla @jonvicremulla'',"['spoil', 'talaga', 'mga', 'governor', 'ang', 'mga', 'caviteÃ±o', 'cavite', 'walangpasok', 'boyingremulla']"
81,928730275508453376,14.683012,121.0627355,''Back 2 Sleep #WALANGPASOK'',''Back 2 Sleep #WALANGPASOK'',"['sleep', 'walangpasok']"
82,928646964954087424,14.683012,121.0627355,''Ayyy sad di tuloy bukas https://t.co/rnxvKFRdgV'',''Ayyy sad di tuloy bukas https://t.co/rnxvKFRdgV'',"['ayyy', 'sad', 'tuloy', 'bukas']"
83,928739501047922688,14.712613000000001,120.97565549999999,''Naks naman wala ng abbreviations!!! Thanks 280 characters!!! https://t.co/QbAfuwP199'',''Naks naman wala ng abbreviations!!! Thanks 280 characters!!! https://t.co/QbAfuwP199'',"['naks', 'naman', 'wala', 'abbreviation', 'thank', 'character']"
84,928642315274424321,14.5464995,121.033212,''HOY SIGNAL NUMBER 2 NA ANO NG BALAK NYO https://t.co/ToTViqwaG4'',''HOY SIGNAL NUMBER 2 NA ANO NG BALAK NYO https://t.co/ToTViqwaG4'',"['hoy', 'signal', 'number', 'ano', 'balak', 'nyo']"
85,928643335278882817,14.5847555,121.0392605,"''Eto yung sinasabi kong ""good news"" https://t.co/AQvweqm7D6''","''Eto yung sinasabi kong ""good news"" https://t.co/AQvweqm7D6''","['eto', 'yung', 'sinasabi', 'kong', 'good', 'news']"
86,928652710483656704,14.5833065,121.08234499999999,''thankyou mayor @bobbyeusebio for early suspensionğŸ˜˜ğŸ˜˜ğŸ˜˜ #WalangPasok #DsChristmas'',''thankyou mayor @bobbyeusebio for early suspensionğŸ˜˜ğŸ˜˜ğŸ˜˜ #WalangPasok #DsChristmas'',"['thankyou', 'mayor', 'early', 'suspensionğŸ˜˜ğŸ˜˜ğŸ˜˜', 'walangpasok', 'dschristmas']"
87,928647994269843458,15.5931,120.7391,''â’ˆ #WalangPasok â’‰ #WelcometoMNLHyungsik â’Š NDRRMC â’‹ #LLSBlackParty â’Œ Erap  2017/11/9 23:33 +08 #trndnl https://t.co/dRwxiUtCOV'',''â’ˆ #WalangPasok â’‰ #WelcometoMNLHyungsik â’Š NDRRMC â’‹ #LLSBlackParty â’Œ Erap  2017/11/9 23:33 +08 #trndnl https://t.co/dRwxiUtCOV'',"['walangpasok', 'welcometomnlhyungsik', 'ndrrmc', 'llsblackparty', 'erap', '2017/11/9', '23:33', 'trndnl']"
88,928643514144931840,14.602503,121.038362,''YEABOI. On our 43rd monthsary @tatcomiguel ğŸ’˜ https://t.co/4wkNRtYhrt'',''YEABOI. On our 43rd monthsary @tatcomiguel ğŸ’˜ https://t.co/4wkNRtYhrt'',"['yeaboi', '43rd', 'monthsary']"
89,928642365992005632,14.5914565,120.9839865,''N I C E https://t.co/dMfIjkkvw0'',''N I C E https://t.co/dMfIjkkvw0'',[]
90,928655743154143233,14.683012,121.0627355,''Navotas mayor John Rey Tiangco declares NO CLASSES in ALL levels both public &amp; private due to TS #SalomePH @PhilippineStar'',''Navotas mayor John Rey Tiangco declares NO CLASSES in ALL levels both public &amp; private due to TS #SalomePH @PhilippineStar'',"['navotas', 'mayor', 'john', 'rey', 'tiangco', 'declare', 'classes', 'level', 'public', 'amp', 'private', 'salomeph']"
91,928640694318645248,14.5914565,120.9839865,''ğŸ¤” https://t.co/cKPbY1zExA'',''ğŸ¤” https://t.co/cKPbY1zExA'',[]
92,928732695043047424,14.5914565,120.9839865,''I love you Papi. ğŸ˜˜ğŸ˜ https://t.co/rG04j1NcZM'',''I love you Papi. ğŸ˜˜ğŸ˜ https://t.co/rG04j1NcZM'',"['love', 'papi']"
93,928678166025027584,15.5931,120.7391,''â’ˆ #WalangPasok â’‰ #WelcometoMNLHyungsik â’Š Renz Valerio Turns19 â’‹ NDRRMC â’Œ #MakeMeAngryIn5Words  2017/11/10 01:33 +08 https://t.co/dRwxiUtCOV'',''â’ˆ #WalangPasok â’‰ #WelcometoMNLHyungsik â’Š Renz Valerio Turns19 â’‹ NDRRMC â’Œ #MakeMeAngryIn5Words  2017/11/10 01:33 +08 https://t.co/dRwxiUtCOV'',"['walangpasok', 'welcometomnlhyungsik', 'renz', 'valerio', 'turns19', 'ndrrmc', 'makemeangryin5word', '2017/11/10', '01:33']"
94,928654709828681728,14.5914565,120.9839865,''@_domingoandrea ito na po boss https://t.co/9zw6rkZy5L'',''@_domingoandrea ito na po boss https://t.co/9zw6rkZy5L'',"['ito', 'boss']"
95,928673164048994304,14.4388285,120.995337,''Walang pasok. Walang baon. Make up classes coming soon. Stay dry everyone. Night.  #WalangPasok'',''Walang pasok. Walang baon. Make up classes coming soon. Stay dry everyone. Night.  #WalangPasok'',"['walang', 'pasok', 'walang', 'baon', 'class', 'come', 'soon', 'stay', 'dry', 'night', 'walangpasok']"
96,928643060036014081,14.407882999999998,121.03131,''Iba ka talaga Salome! Hahahahaha! @cjsdeguzman_ https://t.co/QOfVMESppa'',''Iba ka talaga Salome! Hahahahaha! @cjsdeguzman_ https://t.co/QOfVMESppa'',"['iba', 'talaga', 'salome', 'hahahahaha']"
97,928647178066706432,14.4304565,120.96950149999999,''#WalangPasok daw. Eh wala naman talaga akong pasok kasi di pa ko enrolled ğŸ˜‚ğŸ˜‚ğŸ˜‚'',''#WalangPasok daw. Eh wala naman talaga akong pasok kasi di pa ko enrolled ğŸ˜‚ğŸ˜‚ğŸ˜‚'',"['walangpasok', 'daw', 'wala', 'naman', 'talaga', 'akong', 'pasok', 'kasi', 'enrol', 'ğŸ˜‚ğŸ˜‚ğŸ˜‚']"
98,928642262283706371,14.5914565,120.9839865,''11:11 talaga ğŸ’› https://t.co/qQ36gvNciQ'',''11:11 talaga ğŸ’› https://t.co/qQ36gvNciQ'',"['11:11', 'talaga']"
99,928653968627994624,14.5464995,121.033212,''WAW https://t.co/rzfsEazC1q'',''WAW https://t.co/rzfsEazC1q'',['waw']
100,928643406158589952,14.5914565,120.9839865,''HAHAHAHAHAHAHAHAHHA #FierceTamaraws https://t.co/k7zrNAKE6l'',''HAHAHAHAHAHAHAHAHHA #FierceTamaraws https://t.co/k7zrNAKE6l'',"['hahahahahahahahahha', 'fiercetamaraws']"
101,928672899501719552,14.712613000000001,120.97565549999999,''Hala ngayon ko lang na knows putek hahahahahah grabe yon kung di ako nag basa basa papasok ako bukas ğŸ¤¦â€â™€ï¸hahahahahaâ€¦ https://t.co/8wjdXnKnBe'',''Hala ngayon ko lang na knows putek hahahahahah grabe yon kung di ako nag basa basa papasok ako bukas ğŸ¤¦â€â™€ï¸hahahahahaâ€¦ https://t.co/8wjdXnKnBe'',"['hala', 'ngayon', 'lang', 'know', 'putek', 'hahahahahah', 'grabe', 'yon', 'kung', 'ako', 'nag', 'basa', 'basa', 'papasok', 'ako', 'bukas', '\U0001f926\u200dâ™€ï¸hahahahaha']"
102,928652737633427456,14.545517499999999,121.070172,''Errr important announcement... #SalomePH https://t.co/18I9WMH7Qx'',''Errr important announcement... #SalomePH https://t.co/18I9WMH7Qx'',"['errr', 'important', 'announcement', 'salomeph']"
103,928671827173376000,14.683012,121.0627355,"''YAYY bale 10 days na breakğŸ˜Œ, pero NOOOO tambak naman ng petas ğŸ˜¢ https://t.co/PVmRx6MZ8F''","''YAYY bale 10 days na breakğŸ˜Œ, pero NOOOO tambak naman ng petas ğŸ˜¢ https://t.co/PVmRx6MZ8F''","['yayy', 'bale', 'day', 'breakğŸ˜Œ', 'pero', 'noooo', 'tambak', 'naman', 'peta']"
104,928733985152176129,14.4388285,120.995337,''The wind is scaring me. ğŸ’¨ #SalomePH'',''The wind is scaring me. ğŸ’¨ #SalomePH'',"['wind', 'scar', 'salomeph']"
105,928640308648165377,14.683012,121.0627355,''Wow naman ang saya nila 6-days walang pasok 6-days walang baon hahaha. #walangpasok'',''Wow naman ang saya nila 6-days walang pasok 6-days walang baon hahaha. #walangpasok'',"['wow', 'naman', 'ang', 'saya', 'nila', '6-day', 'walang', 'pasok', '6-day', 'walang', 'baon', 'hahaha', 'walangpasok']"
106,928673133514522625,15.5931,120.7391,''â’ˆ #WalangPasok â’‰ Renz Valerio Turns19 â’Š #WelcometoMNLHyungsik â’‹ NDRRMC â’Œ #DsChristmas  2017/11/10 01:13 +08 #trndnl https://t.co/dRwxiUtCOV'',''â’ˆ #WalangPasok â’‰ Renz Valerio Turns19 â’Š #WelcometoMNLHyungsik â’‹ NDRRMC â’Œ #DsChristmas  2017/11/10 01:13 +08 #trndnl https://t.co/dRwxiUtCOV'',"['walangpasok', 'renz', 'valerio', 'turns19', 'welcometomnlhyungsik', 'ndrrmc', 'dschristmas', '2017/11/10', '01:13', 'trndnl']"
107,928646885761359872,14.6879375,121.170794,''ğŸ‰ https://t.co/byc9C1ZLBR'',''ğŸ‰ https://t.co/byc9C1ZLBR'',[]
108,928642340259905536,14.5328815,121.0069495,''SO MASMAHIRAP NA ANG SCHED BUWISET. BAKA MACANCEL PA QUARTERLY https://t.co/un4Tw9yclA'',''SO MASMAHIRAP NA ANG SCHED BUWISET. BAKA MACANCEL PA QUARTERLY https://t.co/un4Tw9yclA'',"['masmahirap', 'ang', 'sched', 'buwiset', 'baka', 'macancel', 'quarterly']"
109,928642755290587137,14.5914565,120.9839865,''Di dapat ako iinom tonight pero sige na nga https://t.co/IbkHvIskGu'',''Di dapat ako iinom tonight pero sige na nga https://t.co/IbkHvIskGu'',"['dapat', 'ako', 'iinom', 'tonight', 'pero', 'sige', 'nga']"
110,928640540576329733,14.3994195,120.93047949999999,''Nakakaloka yung kuryente. Stay strong pls paalis na si #SalomePH'',''Nakakaloka yung kuryente. Stay strong pls paalis na si #SalomePH'',"['nakakaloka', 'yung', 'kuryente', 'stay', 'strong', 'pls', 'paalis', 'salomeph']"
111,928640413451161601,14.7108935,121.0311415,''#WalangPasok plz'',''#WalangPasok plz'',"['walangpasok', 'plz']"
112,928654750970556416,14.5464995,121.033212,''Sana pati work pwede ding masuspend HAHAHAHA https://t.co/dBzPaUATiA'',''Sana pati work pwede ding masuspend HAHAHAHA https://t.co/dBzPaUATiA'',"['sana', 'pati', 'work', 'pwede', 'masuspend', 'hahahaha']"
113,928646566700752896,14.675514999999999,120.93383349999999,''AwwwwğŸ˜‹ https://t.co/dwR8V4t73j'',''AwwwwğŸ˜‹ https://t.co/dwR8V4t73j'',['awwwwğŸ˜‹']
114,928644630232444928,18.0821395,120.74527150000002,''Yey! ğŸ˜‚ğŸ˜‚ #SanaTagaDLSU ako! ğŸ˜­ğŸ˜­ https://t.co/q3P7dpa5rf'',''Yey! ğŸ˜‚ğŸ˜‚ #SanaTagaDLSU ako! ğŸ˜­ğŸ˜­ https://t.co/q3P7dpa5rf'',"['yey', 'sanatagadlsu', 'ako']"
115,928644748461588481,14.5914565,120.9839865,''NO!!!ğŸ˜© https://t.co/IB00zAkk95'',''NO!!!ğŸ˜© https://t.co/IB00zAkk95'',['no!!!ğŸ˜©']
116,928655936763305984,14.5914565,120.9839865,''#SalomePh umatras ka balik ka sa sabado'',''#SalomePh umatras ka balik ka sa sabado'',"['salomeph', 'umatras', 'balik', 'sabado']"
117,928639968506929152,14.567526,121.01720900000001,''uy naman #WalangPasok https://t.co/eaSY4vI8io'',''uy naman #WalangPasok https://t.co/eaSY4vI8io'',"['naman', 'walangpasok']"
118,928640129236852738,14.683012,121.0627355,''Hala! Abangers ka na @_bedazzledblue sa official announcement na walang pasok ang manila! wala yan magtiwala ka lanâ€¦ https://t.co/VkdIZNYMzh'',''Hala! Abangers ka na @_bedazzledblue sa official announcement na walang pasok ang manila! wala yan magtiwala ka lanâ€¦ https://t.co/VkdIZNYMzh'',"['hala', 'abangers', 'official', 'announcement', 'walang', 'pasok', 'ang', 'manila', 'wala', 'yan', 'magtiwala', 'lan']"
119,928652533538570240,14.4304565,120.96950149999999,''woah  may himala ba?  bakit ang aga nasuspend?  ğŸ™ŠâœŒ  kung kelan madaming gagawin oh  asean week tapos finals AHHHHHâ€¦ https://t.co/V1xIfzU1WY'',''woah  may himala ba?  bakit ang aga nasuspend?  ğŸ™ŠâœŒ  kung kelan madaming gagawin oh  asean week tapos finals AHHHHHâ€¦ https://t.co/V1xIfzU1WY'',"['woah', 'himala', 'bakit', 'ang', 'aga', 'nasuspend', 'kung', 'kelan', 'madam', 'gagawin', 'asean', 'week', 'tapos', 'final', 'ahhhhh']"
120,928738138700136448,14.3396345,120.828395,"''Please naman oh paki Salome, kasi nafall na ako sayo e. #SalomePH''","''Please naman oh paki Salome, kasi nafall na ako sayo e. #SalomePH''","['naman', 'paki', 'salome', 'kasi', 'nafall', 'ako', 'sayo', 'salomeph']"
121,928641597503193089,14.683012,121.0627355,''ğŸ’— https://t.co/HtyS8I86g4'',''ğŸ’— https://t.co/HtyS8I86g4'',[]
122,928645310393360384,14.5914565,120.9839865,''YAAAAS ğŸ’›ğŸ’›ğŸ’› https://t.co/AvhbLxnqYI'',''YAAAAS ğŸ’›ğŸ’›ğŸ’› https://t.co/AvhbLxnqYI'',"['yaaaas', 'ğŸ’›ğŸ’›ğŸ’›']"
123,928742642392764416,7.317582499999999,125.4432615,''Yesss lang pasok hahaha https://t.co/PHKBsWJA1c'',''Yesss lang pasok hahaha https://t.co/PHKBsWJA1c'',"['yesss', 'lang', 'pasok', 'hahaha']"
124,928641187698786304,14.306869500000001,121.0690575,''Yas naman https://t.co/l6nTvO24wi'',''Yas naman https://t.co/l6nTvO24wi'',"['yas', 'naman']"
125,928651719159853056,14.683012,121.0627355,''ğŸ˜€ https://t.co/jLU9zzhzE3'',''ğŸ˜€ https://t.co/jLU9zzhzE3'',[]
126,928644111476834304,14.5914565,120.9839865,''RETWEET AGAD! https://t.co/BtWvuiIJxy'',''RETWEET AGAD! https://t.co/BtWvuiIJxy'',"['retweet', 'agad']"
127,928654701834354689,14.9631555,120.88452450000001,''Daming walang pasok. Ako lang ba gustong pumasok??  #WalangPasok'',''Daming walang pasok. Ako lang ba gustong pumasok??  #WalangPasok'',"['dam', 'walang', 'pasok', 'ako', 'lang', 'gustong', 'pumasok', 'walangpasok']"
128,928648373502017536,14.483414000000002,121.01080300000001,''TYL FOR THISğŸ’– https://t.co/zT0fp4uBnl'',''TYL FOR THISğŸ’– https://t.co/zT0fp4uBnl'',"['tyl', 'thisğŸ’–']"
129,928645126284443648,14.5328815,121.0069495,''Oh no pano final exam namin sa catering tomorrow :/ https://t.co/XDAtWLaxgK'',''Oh no pano final exam namin sa catering tomorrow :/ https://t.co/XDAtWLaxgK'',"['pano', 'final', 'exam', 'namin', 'catering', 'tomorrow']"
130,928651343610363904,14.5914565,120.9839865,''Yung mas mabilis pa ang retweets ng class suspension announcement ni Erap kaysa sa mga reply mo sa akin.â€¦ https://t.co/kPdnbry7ua'',''Yung mas mabilis pa ang retweets ng class suspension announcement ni Erap kaysa sa mga reply mo sa akin.â€¦ https://t.co/kPdnbry7ua'',"['yung', 'mas', 'mabilis', 'ang', 'retweet', 'class', 'suspension', 'announcement', 'erap', 'kaysa', 'mga', 'reply', 'akin']"
131,928644211582189568,14.683012,121.0627355,''Yes bitch! https://t.co/h7yQ8xq3X9'',''Yes bitch! https://t.co/h7yQ8xq3X9'',"['yes', 'bitch']"
132,928643686904225792,14.683012,121.0627355,''Red alert na pala at signal no. 2. Ano na iyong Maynila? Nasa talampas kayo? Di kayo below sea level? ğŸ˜‚#WalangPasok'',''Red alert na pala at signal no. 2. Ano na iyong Maynila? Nasa talampas kayo? Di kayo below sea level? ğŸ˜‚#WalangPasok'',"['red', 'alert', 'pala', 'signal', 'ano', 'iyong', 'maynila', 'nasa', 'talampa', 'kayo', 'kayo', 'sea', 'level', 'ğŸ˜‚#walangpasok']"
133,928653648049070080,14.683012,121.0627355,''Ano ba yan https://t.co/xjexoWGIjf'',''Ano ba yan https://t.co/xjexoWGIjf'',"['ano', 'yan']"
134,928642982831472645,14.545517499999999,121.070172,''SIGNAL 2 SO IT MEANS?????? https://t.co/7rHsVwShLf'',''SIGNAL 2 SO IT MEANS?????? https://t.co/7rHsVwShLf'',"['signal', 'means']"
135,928674093762674688,14.5464995,121.033212,''#WalangPasok #SalomePH https://t.co/COuBEe6yZ4'',''#WalangPasok #SalomePH https://t.co/COuBEe6yZ4'',"['walangpasok', 'salomeph']"
136,928643711612862464,21.0285,105.8048,''#WalangPasok just started trending with 10404 tweets. More trends at https://t.co/9ebx5GbwcT #trndnl'',''#WalangPasok just started trending with 10404 tweets. More trends at https://t.co/9ebx5GbwcT #trndnl'',"['walangpasok', 'start', 'trend', 'tweet', 'trend', 'trndnl']"
137,928655005380313088,13.872945499999998,122.2991135,"''Since offices will be open tomorrow, I wonder if my compre exam can still push through. ğŸ¤” Otherwise, I should haveâ€¦ https://t.co/irFaLzCfe4''","''Since offices will be open tomorrow, I wonder if my compre exam can still push through. ğŸ¤” Otherwise, I should haveâ€¦ https://t.co/irFaLzCfe4''","['office', 'open', 'tomorrow', 'wonder', 'compre', 'exam', 'push']"
138,928650645862674432,14.639378,120.515452,"''#walangpasok Due to the threat of Typhoon #SalomePh, classes in all levels (private and public) in Bataan are suspeâ€¦ https://t.co/2Bae6wQzH4''","''#walangpasok Due to the threat of Typhoon #SalomePh, classes in all levels (private and public) in Bataan are suspeâ€¦ https://t.co/2Bae6wQzH4''","['walangpasok', 'threat', 'typhoon', 'salomeph', 'class', 'level', 'private', 'public', 'bataan', 'suspe']"
139,928650211693535232,14.860594,121.16399750000001,"''Classes in ALL LEVELS are suspended tomorrow, Friday, November 10, 2017 due to #SalomePH. Stay safe, everyone. Keepâ€¦ https://t.co/wxtzBeyKA4''","''Classes in ALL LEVELS are suspended tomorrow, Friday, November 10, 2017 due to #SalomePH. Stay safe, everyone. Keepâ€¦ https://t.co/wxtzBeyKA4''","['class', 'level', 'suspend', 'tomorrow', 'friday', 'november', 'salomeph', 'stay', 'safe']"
140,928652180139028480,14.602503,121.038362,''Stay safe! #SalomePH https://t.co/v2bDwrHyPn'',''Stay safe! #SalomePH https://t.co/v2bDwrHyPn'',"['stay', 'safe', 'salomeph']"
141,928643372234842113,14.115378,120.96262050000001,''Kaya pala ğŸ˜­ https://t.co/9NX30s3m7M'',''Kaya pala ğŸ˜­ https://t.co/9NX30s3m7M'',"['kaya', 'pala']"
142,928640049717035008,14.417554999999998,120.86120149999999,''#SalomePH magpaawat ka. May pasok ako bukas. Jusko.'',''#SalomePH magpaawat ka. May pasok ako bukas. Jusko.'',"['salomeph', 'magpaawat', 'pasok', 'ako', 'bukas', 'jusko']"
143,928644453572665344,14.5464995,121.033212,''Binay hehehehehee https://t.co/wCi2R8B3bS'',''Binay hehehehehee https://t.co/wCi2R8B3bS'',"['binay', 'hehehehehee']"
144,928792138481000454,14.329444,120.899548,''signal no. 1 na tayo mga abitekÃ±os! https://t.co/zHvXSt8rrp'',''signal no. 1 na tayo mga abitekÃ±os! https://t.co/zHvXSt8rrp'',"['signal', 'tayo', 'mga', 'abitekÃ±os']"
145,928641499301949441,14.4388285,120.995337,''GAGO MAGDIWANG NA TAYO!!! YEEESSSHHHH TODI NA TOH https://t.co/4lgp1TfbsJ'',''GAGO MAGDIWANG NA TAYO!!! YEEESSSHHHH TODI NA TOH https://t.co/4lgp1TfbsJ'',"['gago', 'magdiwang', 'tayo', 'yeeessshhhh', 'todi', 'toh']"
146,928731937740546053,48.4962255,-123.37083799999999,''@LilDonnyRed Those #Movember fans had #SalomePH.'',''@LilDonnyRed Those #Movember fans had #SalomePH.'',"['movember', 'fan', 'salomeph']"
147,928682480969723904,14.5914565,120.9839865,''pinakamagandang nangyari ngayon https://t.co/fHKSdcNtm4'',''pinakamagandang nangyari ngayon https://t.co/fHKSdcNtm4'',"['pinakamagandang', 'nangyari', 'ngayon']"
148,928655056282443776,14.7108935,121.0311415,''salome salome shapopo salome salome shapopo #SalomePh'',''salome salome shapopo salome salome shapopo #SalomePh'',"['salome', 'salome', 'shapopo', 'salome', 'salome', 'shapopo', 'salomeph']"
149,928673632775049216,15.5931,120.7391,"''ğŸ“ˆ TD Salome leaves hundreds stranded, halts oil spill cleanup in Oriental Mindoro https://t.co/70xwV2K7a3''","''ğŸ“ˆ TD Salome leaves hundreds stranded, halts oil spill cleanup in Oriental Mindoro https://t.co/70xwV2K7a3''","['salome', 'leave', 'hundred', 'strand', 'halt', 'oil', 'spill', 'cleanup', 'oriental', 'mindoro']"
150,928643725714006016,18.2233,-66.4289,"''#WalangPasok empieza a ser Tendencia, con 10404 tweets, ocupando la 35Âª posiciÃ³n en Puerto Rico. MÃ¡s en https://t.co/Q2h6KsMyr0 #trndnl''","''#WalangPasok empieza a ser Tendencia, con 10404 tweets, ocupando la 35Âª posiciÃ³n en Puerto Rico. MÃ¡s en https://t.co/Q2h6KsMyr0 #trndnl''","['walangpasok', 'empieza', 'ser', 'tendencia', 'con', 'tweet', 'ocupando', '35Âª', 'posiciÃ³n', 'puerto', 'rico', 'mÃ¡s', 'trndnl']"
151,928646899342569472,14.712613000000001,120.97565549999999,''yaassssssss https://t.co/PMfQJC0dvU'',''yaassssssss https://t.co/PMfQJC0dvU'',['yaassssssss']
152,928642072097079302,14.683012,121.0627355,''NARARAMDAMAN KO NARIN YUNG BAHA NG WORKLOADS ğŸ™‚ https://t.co/Wwh9RIuD3t'',''NARARAMDAMAN KO NARIN YUNG BAHA NG WORKLOADS ğŸ™‚ https://t.co/Wwh9RIuD3t'',"['nararamdaman', 'narin', 'yung', 'baha', 'workloads']"
153,928640331209248768,14.4304565,120.96950149999999,''WAG. KANG. MAGMAMAKATI. https://t.co/HUAh9H99Wb'',''WAG. KANG. MAGMAMAKATI. https://t.co/HUAh9H99Wb'',"['wag', 'kang', 'magmamakati']"
154,928642742766522368,14.278017000000002,121.09037350000001,''Mainit na sabaw para sa malamig na gabi. #SalomePH https://t.co/CZ6r80YIH7'',''Mainit na sabaw para sa malamig na gabi. #SalomePH https://t.co/CZ6r80YIH7'',"['mainit', 'sabaw', 'para', 'malamig', 'gabi', 'salomeph']"
155,928652036391936000,14.712613000000001,120.97565549999999,''Them:â€#WalangPasokâ€ Me:â€#WalaTalagangBalakPumasokâ€ ğŸ˜‚'',''Them:â€#WalangPasokâ€ Me:â€#WalaTalagangBalakPumasokâ€ ğŸ˜‚'',"['them:â€#walangpasok', 'me:â€#walatalagangbalakpumasok']"
156,928650207536988160,14.5914565,120.9839865,''Huhu wala naman talaga ako pasok. ğŸ˜­ https://t.co/pL2aKjpyBN'',''Huhu wala naman talaga ako pasok. ğŸ˜­ https://t.co/pL2aKjpyBN'',"['huhu', 'wala', 'naman', 'talaga', 'ako', 'pasok']"
157,928656139440422912,14.4304565,120.96950149999999,''????? https://t.co/lijnX4wfxk'',''????? https://t.co/lijnX4wfxk'',[]
158,928643656273166336,14.7108935,121.0311415,''Am I the only one sad? @macaseycruz @odelinnelina https://t.co/WSEqOHb7Vg'',''Am I the only one sad? @macaseycruz @odelinnelina https://t.co/WSEqOHb7Vg'',['sad']
159,928648332267765760,14.4304565,120.96950149999999,''Eto na nga. Nakakatakot https://t.co/pWCzbC76qA'',''Eto na nga. Nakakatakot https://t.co/pWCzbC76qA'',"['eto', 'nga', 'nakakatakot']"
160,928642634700046336,14.683012,121.0627355,''Oy tinorture nyo nman name nung bagyo :(( https://t.co/rIz37sgsHl'',''Oy tinorture nyo nman name nung bagyo :(( https://t.co/rIz37sgsHl'',"['tinorture', 'nyo', 'nman', 'nung', 'bagyo']"
161,928645421534027776,14.5833065,121.08234499999999,''nakaka-misss maka-appreciate ng #WalangPasok haysssss ğŸŒ§ğŸ˜´'',''nakaka-misss maka-appreciate ng #WalangPasok haysssss ğŸŒ§ğŸ˜´'',"['nakaka', 'misss', 'maka', 'appreciate', 'walangpasok', 'hayssss']"
162,928645476403986432,14.5914565,120.9839865,"''When you always feel like being a student again, because when classes are being suspended, and so with your officeâ€¦ https://t.co/vZXiwIN3ZI''","''When you always feel like being a student again, because when classes are being suspended, and so with your officeâ€¦ https://t.co/vZXiwIN3ZI''","['feel', 'like', 'student', 'class', 'suspend', 'office']"
163,928673070600019968,14.5833065,121.08234499999999,''Yo pasig whatâ€™s good? https://t.co/IPyBvpOYiI'',''Yo pasig whatâ€™s good? https://t.co/IPyBvpOYiI'',"['pasig', 'good']"
164,928672432335888384,14.5847555,121.0392605,''parang ang lungkot na masaya na  #WalangPasok ğŸ¤”'',''parang ang lungkot na masaya na  #WalangPasok ğŸ¤”'',"['parang', 'ang', 'lungkot', 'masaya', 'walangpasok']"
165,928641478036938752,14.5464995,121.033212,''#WalangPasok in Manila - any luck? ğŸ¤ğŸ¼'',''#WalangPasok in Manila - any luck? ğŸ¤ğŸ¼'',"['walangpasok', 'manila', 'luck']"
166,928683209612697600,15.5931,120.7391,''â’ˆ #WalangPasok â’‰ #WelcometoMNLHyungsik â’Š Renz Valerio Turns19 â’‹ #MakeMeAngryIn5Words â’Œ NDRRMC  2017/11/10 01:53 +08 https://t.co/dRwxiUtCOV'',''â’ˆ #WalangPasok â’‰ #WelcometoMNLHyungsik â’Š Renz Valerio Turns19 â’‹ #MakeMeAngryIn5Words â’Œ NDRRMC  2017/11/10 01:53 +08 https://t.co/dRwxiUtCOV'',"['walangpasok', 'welcometomnlhyungsik', 'renz', 'valerio', 'turns19', 'makemeangryin5word', 'ndrrmc', '2017/11/10', '01:53']"
167,928653224206221312,14.7108935,121.0311415,''Susunod na ba mga govt employees? â˜ºï¸ #WalangPasok'',''Susunod na ba mga govt employees? â˜ºï¸ #WalangPasok'',"['susunod', 'mga', 'govt', 'employee', 'walangpasok']"
168,928810600313974785,14.5833065,121.08234499999999,"''I believe ito ay may dalang ulan, I believe ito ay may hangin  I believe ito ay bagyo  I believe sya si  #SalomePH  ğŸ˜ˆğŸ˜ğŸ˜ˆğŸ˜''","''I believe ito ay may dalang ulan, I believe ito ay may hangin  I believe ito ay bagyo  I believe sya si  #SalomePH  ğŸ˜ˆğŸ˜ğŸ˜ˆğŸ˜''","['believe', 'ito', 'dalang', 'ulan', 'believe', 'ito', 'hangin', 'believe', 'ito', 'bagyo', 'believe', 'sya', 'salomeph', 'ğŸ˜ˆğŸ˜ğŸ˜ˆğŸ˜']"
169,928641209249050624,14.483414000000002,121.01080300000001,"''I-cancel na lang kaya ang buong sem, ano? Tapos reset na lang sa January? NKKLK. #WalangPasok''","''I-cancel na lang kaya ang buong sem, ano? Tapos reset na lang sa January? NKKLK. #WalangPasok''","['cancel', 'lang', 'kaya', 'ang', 'buong', 'sem', 'ano', 'tapos', 'reset', 'lang', 'january', 'nkklk', 'walangpasok']"
170,928644133794615297,14.5914565,120.9839865,''Just goes to show how suspensions are not always on a Monday. #RetainUBreak https://t.co/e0YZibeneW'',''Just goes to show how suspensions are not always on a Monday. #RetainUBreak https://t.co/e0YZibeneW'',"['suspension', 'monday', 'retainubreak']"
171,928652961995034624,14.683012,121.0627355,"''Calumpang River sa Batangas City, tumataas ang lebel ng tubig;1st alarm, itinaas na - Rod Dela Roca, CDRRMO Head #SalomePH''","''Calumpang River sa Batangas City, tumataas ang lebel ng tubig;1st alarm, itinaas na - Rod Dela Roca, CDRRMO Head #SalomePH''","['calumpang', 'river', 'batangas', 'city', 'tumataas', 'ang', 'lebel', 'tubig;1st', 'alarm', 'itinaas', 'rod', 'dela', 'roca', 'cdrrmo', 'head', 'salomeph']"
172,928648081205325830,53.4198785,-2.915427,"''tax mo, bayad mo lance julian. https://t.co/aQyrMFK1f4''","''tax mo, bayad mo lance julian. https://t.co/aQyrMFK1f4''","['tax', 'bayad', 'lance', 'julian']"
173,928643299941871617,14.5847555,121.0392605,''!!!! https://t.co/f0N9sy1GU9'',''!!!! https://t.co/f0N9sy1GU9'',[]
174,928654388402429952,14.5833065,121.08234499999999,''Stay safe everyone. #SalomePH https://t.co/tFbQnt79KI'',''Stay safe everyone. #SalomePH https://t.co/tFbQnt79KI'',"['stay', 'safe', 'salomeph']"
175,928653302866198529,13.872945499999998,122.2991135,"''I shouldnâ€™t have left for Manila tonight. I knew QCâ€™s suspending classes tomorrow, hence my comps too. https://t.co/11paMUx7JE''","''I shouldnâ€™t have left for Manila tonight. I knew QCâ€™s suspending classes tomorrow, hence my comps too. https://t.co/11paMUx7JE''","['not', 'leave', 'manila', 'tonight', 'know', 'suspend', 'class', 'tomorrow', 'comps']"
176,928647254696529920,14.5847555,121.0392605,''ohh! #2 na #StaySafe #SalomePH https://t.co/w9w1mflKDA'',''ohh! #2 na #StaySafe #SalomePH https://t.co/w9w1mflKDA'',"['ohh', 'staysafe', 'salomeph']"
177,928642872370274304,14.5914565,120.9839865,''intramuros kids will know âœ¨ https://t.co/DmkO3NMxED'',''intramuros kids will know âœ¨ https://t.co/DmkO3NMxED'',"['intramuros', 'kid', 'know']"
178,928641571934814208,14.349252499999999,121.0444275,"''Buti pa yung ulan hindi tumitigil, pero sya tumigil na! ğŸ’”  #SalomePH #Salome #WalangPasok''","''Buti pa yung ulan hindi tumitigil, pero sya tumigil na! ğŸ’”  #SalomePH #Salome #WalangPasok''","['buti', 'yung', 'ulan', 'hindi', 'tumitigil', 'pero', 'sya', 'tumigil', 'salomeph', 'salome', 'walangpasok']"
179,928745226461618176,14.5914565,120.9839865,''1 hour ago hahahaha https://t.co/RWWSSpix6r'',''1 hour ago hahahaha https://t.co/RWWSSpix6r'',"['hour', 'ago', 'hahahaha']"
180,928643710207762433,21.0285,105.8048,''#SalomePH just started trending with 10027 tweets. More trends at https://t.co/9ebx5GbwcT #trndnl'',''#SalomePH just started trending with 10027 tweets. More trends at https://t.co/9ebx5GbwcT #trndnl'',"['salomeph', 'start', 'trend', 'tweet', 'trend', 'trndnl']"
181,928641854131773440,14.5914565,120.9839865,''Sembreak part two https://t.co/BmL34QzeEc'',''Sembreak part two https://t.co/BmL34QzeEc'',['sembreak']
182,928642677708488704,14.5464995,121.033212,''thanks papi!! https://t.co/lp2py4qwNW'',''thanks papi!! https://t.co/lp2py4qwNW'',"['thank', 'papi']"
183,928651104245698563,14.683012,121.0627355,''WALA PASOK PANO NA WALA KO PERA https://t.co/slUqiXdWta'',''WALA PASOK PANO NA WALA KO PERA https://t.co/slUqiXdWta'',"['wala', 'pasok', 'pano', 'wala', 'pera']"
184,928647517352247296,14.683012,121.0627355,''ANUNAAAA https://t.co/fOvDKOlZU5'',''ANUNAAAA https://t.co/fOvDKOlZU5'',['anunaaaa']
185,928648943298154496,13.4599185,122.0562895,''waterproof po ba kaming mga high school? ğŸ™ƒ https://t.co/WMQeKNZmsM'',''waterproof po ba kaming mga high school? ğŸ™ƒ https://t.co/WMQeKNZmsM'',"['waterproof', 'kam', 'mga', 'high', 'school']"
186,928642641830461440,14.5914565,120.9839865,''Pch! Be safe guys. ğŸ™ https://t.co/FxNGiqUPtl'',''Pch! Be safe guys. ğŸ™ https://t.co/FxNGiqUPtl'',"['pch', 'safe', 'guy']"
187,928649884235841536,14.2538655,121.10992900000001,''Lakas ng hangin... parang ikaw ğŸ™„ #SalomePH'',''Lakas ng hangin... parang ikaw ğŸ™„ #SalomePH'',"['lakas', 'hangin', 'parang', 'ikaw', 'salomeph']"
188,928641401721466881,14.5914565,120.9839865,''FINALLY!!!!! https://t.co/9PcyPf0QOg'',''FINALLY!!!!! https://t.co/9PcyPf0QOg'',['finally']
189,928641736880021504,14.5914565,120.9839865,"''Thank you, sobrang gusto ko mag pahinga https://t.co/lWNiSONPGH''","''Thank you, sobrang gusto ko mag pahinga https://t.co/lWNiSONPGH''","['thank', 'sobrang', 'gusto', 'mag', 'pahinga']"
190,928641792643186688,14.5914565,120.9839865,''naglaba pakog lab coat https://t.co/u8GkpsuTBV'',''naglaba pakog lab coat https://t.co/u8GkpsuTBV'',"['naglaba', 'pakog', 'lab', 'coat']"
191,928654704434806785,14.683012,121.0627355,''Thank you â™¥ï¸ https://t.co/bsOWOgiYwA'',''Thank you â™¥ï¸ https://t.co/bsOWOgiYwA'',['thank']
192,928639131525058560,14.683012,121.0627355,''jusq badtrip https://t.co/Vyft8ZqSW0'',''jusq badtrip https://t.co/Vyft8ZqSW0'',"['jusq', 'badtrip']"
193,928648535515414528,14.5914565,120.9839865,''Napaaga yung release ng sequel ng sembreak! ğŸ¤˜  #WalangPasok #FierceTamaraws'',''Napaaga yung release ng sequel ng sembreak! ğŸ¤˜  #WalangPasok #FierceTamaraws'',"['napaaga', 'yung', 'release', 'sequel', 'sembreak', 'walangpasok', 'fiercetamaraws']"
194,928645309101522945,14.683012,121.0627355,''@Mayora_Abby  pls po declare nyo na #Walangpasok na rin sa Makati. https://t.co/A9EZFEZcPd'',''@Mayora_Abby  pls po declare nyo na #Walangpasok na rin sa Makati. https://t.co/A9EZFEZcPd'',"['pls', 'declare', 'nyo', 'walangpasok', 'rin', 'makati']"
195,928654685933789185,14.683012,121.0627355,"''Mayor Gatchalian declares NO CLASSES IN ALL LEVELS,public &amp; private schools (inc OLFU), Friday, Nov 10, due to TS #SalomePH @PhilippineStar''","''Mayor Gatchalian declares NO CLASSES IN ALL LEVELS,public &amp; private schools (inc OLFU), Friday, Nov 10, due to TS #SalomePH @PhilippineStar''","['mayor', 'gatchalian', 'declare', 'classes', 'levels', 'public', 'amp', 'private', 'school', 'olfu', 'friday', 'nov', 'salomeph']"
196,928651220771733504,14.602503,121.038362,''may mga kailangan pakong ipasa eh ano to part? https://t.co/xXs7AMdaAZ'',''may mga kailangan pakong ipasa eh ano to part? https://t.co/xXs7AMdaAZ'',"['mga', 'kailangan', 'pakong', 'ipasa', 'ano']"
197,928671236455989248,14.4304565,120.96950149999999,''Yang si #SalomePH umiiyak yan kasi di rin siya sinalo'',''Yang si #SalomePH umiiyak yan kasi di rin siya sinalo'',"['yang', 'salomeph', 'umiiyak', 'yan', 'kasi', 'rin', 'siya', 'sinalo']"
198,928643094961991680,14.5914565,120.9839865,''@PresidentErap HAHAHAHAHAHA gising kapa po ba? ğŸ¤” https://t.co/eQOG9kEAzh'',''@PresidentErap HAHAHAHAHAHA gising kapa po ba? ğŸ¤” https://t.co/eQOG9kEAzh'',"['hahahahahaha', 'gis', 'kapa']"
199,928644086390603777,15.459767000000001,121.034475,''@ronmallete__ @_momonn @Teonggo99 https://t.co/7XJX8tybab  alam ng tadhana na malalate ako di pumapayag na panget ako hahaha'',''@ronmallete__ @_momonn @Teonggo99 https://t.co/7XJX8tybab  alam ng tadhana na malalate ako di pumapayag na panget ako hahaha'',"['alam', 'tadhana', 'malalate', 'ako', 'pumapayag', 'panget', 'ako', 'hahaha']"
200,928670221325410304,15.784785500000002,120.99040349999999,''Hay buti naman! https://t.co/bi6dD3UKmT'',''Hay buti naman! https://t.co/bi6dD3UKmT'',"['hay', 'buti', 'naman']"
201,928644017906114561,14.5847555,121.0392605,''Bataan and Metro Manila are both on Signal no. 2 now what the fudge #SalomePH'',''Bataan and Metro Manila are both on Signal no. 2 now what the fudge #SalomePH'',"['bataan', 'metro', 'manila', 'signal', 'fudge', 'salomeph']"
202,928646208582590465,14.5914565,120.9839865,''KAPAG GUSTO NG SUSPENSION WALA NAMAN PAG AYAW NG SUSPENSION MERON NAMAN https://t.co/EBxA5hF43v'',''KAPAG GUSTO NG SUSPENSION WALA NAMAN PAG AYAW NG SUSPENSION MERON NAMAN https://t.co/EBxA5hF43v'',"['kapag', 'gusto', 'suspension', 'wala', 'naman', 'pag', 'ayaw', 'suspension', 'meron', 'naman']"
203,928739171455217664,14.504111499999999,121.0652415,"''As declared by Manila Mayor Estrada, no classes today Thomasians. #StaySafePH #SalomePH https://t.co/4DjHCEtxVZ''","''As declared by Manila Mayor Estrada, no classes today Thomasians. #StaySafePH #SalomePH https://t.co/4DjHCEtxVZ''","['declare', 'manila', 'mayor', 'estrada', 'class', 'today', 'thomasians', 'staysafeph', 'salomeph']"
204,928648220514836480,14.5914565,120.9839865,''Tulog izz life! Hahaha #WalangPasok #KISSESOnMakingMEGA2018'',''Tulog izz life! Hahaha #WalangPasok #KISSESOnMakingMEGA2018'',"['tulog', 'izz', 'life', 'hahaha', 'walangpasok', 'kissesonmakingmega2018']"
205,928650162347450369,14.5847555,121.0392605,''Bait mo talaga momshğŸ˜Š https://t.co/IeQsqKHKnD'',''Bait mo talaga momshğŸ˜Š https://t.co/IeQsqKHKnD'',"['bait', 'talaga', 'momshğŸ˜Š']"
206,928641817242845185,14.407882999999998,121.03131,''#WalangPasok  #WalangPasok  #WalangPasok  #WalangPasok  #WalangPasok  #WalangPasok  #WalangPasok  #WalangPasokâ€¦ https://t.co/qj7HMlhJfq'',''#WalangPasok  #WalangPasok  #WalangPasok  #WalangPasok  #WalangPasok  #WalangPasok  #WalangPasok  #WalangPasokâ€¦ https://t.co/qj7HMlhJfq'',"['walangpasok', 'walangpasok', 'walangpasok', 'walangpasok', 'walangpasok', 'walangpasok', 'walangpasok', 'walangpasok']"
207,928642233598844928,14.683012,121.0627355,''sorry #SalomePH di mo kami mapipigilang mag minalungao tuloy pa rin kami HAHAHAHAHAHA laban'',''sorry #SalomePH di mo kami mapipigilang mag minalungao tuloy pa rin kami HAHAHAHAHAHA laban'',"['sorry', 'salomeph', 'kami', 'mapipigilang', 'mag', 'minalungao', 'tuloy', 'rin', 'kami', 'hahahahahaha', 'laban']"
208,928733994488807424,14.5914565,120.9839865,''Bat ba ako lumuwas pa???? ğŸ™„ https://t.co/nkmLvWmKc7'',''Bat ba ako lumuwas pa???? ğŸ™„ https://t.co/nkmLvWmKc7'',"['bat', 'ako', 'lumuwa']"
209,928745333949046784,13.940447500000001,121.62641049999999,''Bwahahaha https://t.co/OEKAfmb0DH'',''Bwahahaha https://t.co/OEKAfmb0DH'',['bwahahaha']
210,928640246131994629,14.3135285,120.968701,''TANGINA WAG OFFICES PLEASE WAG https://t.co/rd1gT6AfrJ'',''TANGINA WAG OFFICES PLEASE WAG https://t.co/rd1gT6AfrJ'',"['tangina', 'wag', 'offices', 'wag']"
211,928641842417164288,14.5914565,120.9839865,''Bed weather ğŸ’¤ https://t.co/2DMbFRwLVF'',''Bed weather ğŸ’¤ https://t.co/2DMbFRwLVF'',"['bed', 'weather']"
212,928650025491509248,14.567526,121.01720900000001,"''Updated as of 11:42pm, here''''s list of class suspensions on Friday, November 10, 2017. #WalangPasok #SalomePH   https://t.co/Gws9MoqTxx''","''Updated as of 11:42pm, here''''s list of class suspensions on Friday, November 10, 2017. #WalangPasok #SalomePH   https://t.co/Gws9MoqTxx''","['update', '11:42pm', 'list', 'class', 'suspension', 'friday', 'november', 'walangpasok', 'salomeph']"
213,928656248257441792,14.545517499999999,121.070172,''WOOO ANOTHER 10 DAY BREAK https://t.co/6MPB3SnAj6'',''WOOO ANOTHER 10 DAY BREAK https://t.co/6MPB3SnAj6'',"['wooo', 'day', 'break']"
214,928651048717205504,36.597301,140.6166665,''Gusto ko ma-expi ulit yung feeling ng #WalangPasok ğŸ˜”'',''Gusto ko ma-expi ulit yung feeling ng #WalangPasok ğŸ˜”'',"['gusto', 'expi', 'ulit', 'yung', 'feeling', 'walangpasok']"
215,928643396633182210,14.5914565,120.9839865,''MAGDIWANGGGGGGGG https://t.co/1f4rjnRJls'',''MAGDIWANGGGGGGGG https://t.co/1f4rjnRJls'',['magdiwangggggggg']
216,928642807954210818,14.683012,121.0627355,''Iâ¤ï¸QC https://t.co/zcdF8Ai2ag'',''Iâ¤ï¸QC https://t.co/zcdF8Ai2ag'',['iâ¤ï¸qc']
217,928656617125449728,14.683012,121.0627355,''Hindi ba kasama government offices sa #walangpasok bukas Nov. 10 ??   #SalomePH â›ˆğŸŒ¬ğŸ’¨'',''Hindi ba kasama government offices sa #walangpasok bukas Nov. 10 ??   #SalomePH â›ˆğŸŒ¬ğŸ’¨'',"['hindi', 'kasama', 'government', 'office', 'walangpasok', 'bukas', 'nov.', 'salomeph', 'â›ˆğŸŒ¬ğŸ’¨']"
218,928733061855903744,14.683012,121.0627355,"''Kinda happy, kinda not happy.. https://t.co/vhH7nedf3x''","''Kinda happy, kinda not happy.. https://t.co/vhH7nedf3x''","['kinda', 'happy', 'kinda', 'happy']"
219,928646611579707392,14.5464995,121.033212,''@marieylala_ balak ko sana na magfoodtrip tayo sa bahay nyo sama si hannah bwiset HAHAHAHAHAHAHAHAHAHA https://t.co/WxmED29nae'',''@marieylala_ balak ko sana na magfoodtrip tayo sa bahay nyo sama si hannah bwiset HAHAHAHAHAHAHAHAHAHA https://t.co/WxmED29nae'',"['balak', 'sana', 'magfoodtrip', 'tayo', 'bahay', 'nyo', 'sama', 'hannah', 'bwiset', 'hahahahahahahahahaha']"
220,928649886584659968,14.5914565,120.9839865,"''Nakadalawang try na si Vivo sa baste, pero ayaw pa din. ğŸ˜‚ğŸ˜­ https://t.co/hpPfy3HWkQ''","''Nakadalawang try na si Vivo sa baste, pero ayaw pa din. ğŸ˜‚ğŸ˜­ https://t.co/hpPfy3HWkQ''","['nakadalawang', 'try', 'vivo', 'baste', 'pero', 'ayaw', 'din']"
221,928648445757333505,14.683012,121.0627355,"''""Nak paabot naman nung remote""  ""Salome""  #WalangPasok #SalomePH''","''""Nak paabot naman nung remote""  ""Salome""  #WalangPasok #SalomePH''","['nak', 'paabot', 'naman', 'nung', 'remote', 'salome', 'walangpasok', 'salomeph']"
222,928645720470577152,14.5464995,121.033212,''yes walang reporting!!!!!! https://t.co/WxmED29nae'',''yes walang reporting!!!!!! https://t.co/WxmED29nae'',"['yes', 'walang', 'reporting']"
223,928640082797404161,14.5914565,120.9839865,''Sana mag announce ng maaga sa Makati #WalangPasok'',''Sana mag announce ng maaga sa Makati #WalangPasok'',"['sana', 'mag', 'announce', 'maaga', 'makati', 'walangpasok']"
224,928656123397206016,14.4304565,120.96950149999999,''oh yes  ALL IS WELL ğŸ¶ https://t.co/Fn2IMix5fG'',''oh yes  ALL IS WELL ğŸ¶ https://t.co/Fn2IMix5fG'',['yes']
225,928646535432114177,14.5914565,120.9839865,''HAY https://t.co/I9ieU9klpu'',''HAY https://t.co/I9ieU9klpu'',['hay']
226,928656289281949696,14.5833065,121.08234499999999,''No silay kay crush https://t.co/ydm4jgRxbC'',''No silay kay crush https://t.co/ydm4jgRxbC'',"['silay', 'kay', 'crush']"
227,928666067156602880,14.683012,121.0627355,''pls read d importanter messej bilow   USE YOUR TIME PRODUCTIVELY PLS PUMASOK TAYO SA SABADO https://t.co/RbYfSdQuph'',''pls read d importanter messej bilow   USE YOUR TIME PRODUCTIVELY PLS PUMASOK TAYO SA SABADO https://t.co/RbYfSdQuph'',"['pls', 'read', 'importanter', 'messej', 'bilow', 'use', 'time', 'productively', 'pls', 'pumasok', 'tayo', 'sabado']"
228,928642585807151104,14.683012,121.0627355,"''Nice. Eh, kaso di pa din ako enrolled. https://t.co/KY2gehTNM8''","''Nice. Eh, kaso di pa din ako enrolled. https://t.co/KY2gehTNM8''","['nice', 'kaso', 'din', 'ako', 'enrol']"
229,928646829176061953,14.5833065,121.08234499999999,''As if pumapasok ako dito noh? Hahaha I wish https://t.co/Sjr3BTXGtH'',''As if pumapasok ako dito noh? Hahaha I wish https://t.co/Sjr3BTXGtH'',"['pumapasok', 'ako', 'dito', 'noh', 'hahaha', 'wish']"
230,928642989160783872,14.683012,121.0627355,"''in 140: #Walangpasok (see link)  in 280: Classes in all levels, public &amp; private, on the following cities are suspeâ€¦ https://t.co/vFwUHTxSAG''","''in 140: #Walangpasok (see link)  in 280: Classes in all levels, public &amp; private, on the following cities are suspeâ€¦ https://t.co/vFwUHTxSAG''","['walangpasok', 'link', 'class', 'level', 'public', 'amp', 'private', 'follow', 'city', 'suspe']"
231,928644110201774080,14.5464995,121.033212,''#WalangPasok With #SalomePH moving closer to Metro Manila &amp; with the moderate to heavy rains &amp; gusty winds broughtâ€¦ https://t.co/mKUj5RWTOD'',''#WalangPasok With #SalomePH moving closer to Metro Manila &amp; with the moderate to heavy rains &amp; gusty winds broughtâ€¦ https://t.co/mKUj5RWTOD'',"['walangpasok', 'salomeph', 'move', 'closer', 'metro', 'manila', 'amp', 'moderate', 'heavy', 'rain', 'amp', 'gusty', 'wind', 'bring']"
232,928684217055166464,15.415815499999999,121.66234299999999,''hala totoo bang #WalangPasok ? ğŸ˜‚'',''hala totoo bang #WalangPasok ? ğŸ˜‚'',"['hala', 'totoo', 'bang', 'walangpasok']"
233,928642170373865472,14.5833065,121.08234499999999,''Ohhyzzzz https://t.co/WqTm23taOp'',''Ohhyzzzz https://t.co/WqTm23taOp'',['ohhyzzzz']
234,928655399993016322,13.872945499999998,122.2991135,"''Since offices will be open tomorrow, I wonder if my comprehensive exam can still push through. ğŸ¤” Otherwise, I shoulâ€¦ https://t.co/tRh4NEzQK9''","''Since offices will be open tomorrow, I wonder if my comprehensive exam can still push through. ğŸ¤” Otherwise, I shoulâ€¦ https://t.co/tRh4NEzQK9''","['office', 'open', 'tomorrow', 'wonder', 'comprehensive', 'exam', 'push', 'shoul']"
235,928683955858968576,14.5464995,121.033212,''Hahahahahahahahhahahahahahaha ğŸ¤£ğŸ¤£ğŸ¤£ğŸ¤£ https://t.co/fiRFW83YXN'',''Hahahahahahahahhahahahahahaha ğŸ¤£ğŸ¤£ğŸ¤£ğŸ¤£ https://t.co/fiRFW83YXN'',"['hahahahahahahahhahahahahahaha', '\U0001f923\U0001f923\U0001f923\U0001f923']"
236,928668130070556672,15.5931,120.7391,''â’ˆ #WalangPasok â’‰ #WelcometoMNLHyungsik â’Š Renz Valerio Turns19 â’‹ NDRRMC â’Œ #DsChristmas  2017/11/10 00:53 +08 #trndnl https://t.co/dRwxiUtCOV'',''â’ˆ #WalangPasok â’‰ #WelcometoMNLHyungsik â’Š Renz Valerio Turns19 â’‹ NDRRMC â’Œ #DsChristmas  2017/11/10 00:53 +08 #trndnl https://t.co/dRwxiUtCOV'',"['walangpasok', 'welcometomnlhyungsik', 'renz', 'valerio', 'turns19', 'ndrrmc', 'dschristmas', '2017/11/10', '00:53', 'trndnl']"
237,928641579660713984,14.5464995,121.033212,''NAGSISIMULA NA!!! GUSTO NIYO YON??????!?!?! https://t.co/gkW46E9t7G'',''NAGSISIMULA NA!!! GUSTO NIYO YON??????!?!?! https://t.co/gkW46E9t7G'',"['nagsisimula', 'gusto', 'niyo', 'yon']"
238,928648202420551681,14.5464995,121.033212,''Just In: Pateros #WalangPasok stay safe and dry everyone.... https://t.co/mEPsOhymUx'',''Just In: Pateros #WalangPasok stay safe and dry everyone.... https://t.co/mEPsOhymUx'',"['pateros', 'walangpasok', 'stay', 'safe', 'dry']"
239,928730368684965889,14.3135285,120.968701,''Nag overnight si Solome... https://t.co/fbPJEUTtkj'',''Nag overnight si Solome... https://t.co/fbPJEUTtkj'',"['nag', 'overnight', 'solome']"
240,928654508380450816,14.4304565,120.96950149999999,''Pauwiin mo muna ako Salome https://t.co/lE0XGZ174N'',''Pauwiin mo muna ako Salome https://t.co/lE0XGZ174N'',"['pauwiin', 'muna', 'ako', 'salome']"
241,928641993915248640,14.5464995,121.033212,''Yes suspended HAHAHAHAA thanks papi erps!! â˜ºï¸ğŸ˜‚  #Walangpasok'',''Yes suspended HAHAHAHAA thanks papi erps!! â˜ºï¸ğŸ˜‚  #Walangpasok'',"['yes', 'suspend', 'hahahahaa', 'thank', 'papi', 'erps', 'â˜ºï¸ğŸ˜‚', 'walangpasok']"
242,928642327647678465,14.683012,121.0627355,''ğŸ™ƒğŸ™ƒğŸ™ƒğŸ™ƒ iâ€™ve been studying all day for a freakinâ€™ test tomorrow and then............ https://t.co/stvMojPjPm'',''ğŸ™ƒğŸ™ƒğŸ™ƒğŸ™ƒ iâ€™ve been studying all day for a freakinâ€™ test tomorrow and then............ https://t.co/stvMojPjPm'',"['ğŸ™ƒğŸ™ƒğŸ™ƒğŸ™ƒ', 'have', 'study', 'day', 'freakinâ€™', 'test', 'tomorrow']"
243,928685791861018625,14.567526,121.01720900000001,''ğŸ’” Kasabay ng iyong pighati ang aking pagdadalamhati. Sinasabayan ng bawat patak ng ulan ang luhang patuloy na dumadâ€¦ https://t.co/SysvGmcaRF'',''ğŸ’” Kasabay ng iyong pighati ang aking pagdadalamhati. Sinasabayan ng bawat patak ng ulan ang luhang patuloy na dumadâ€¦ https://t.co/SysvGmcaRF'',"['kasabay', 'iyong', 'pighati', 'ang', 'pagdadalamhati', 'sinasabayan', 'bawat', 'patak', 'ulan', 'ang', 'luhang', 'patuloy', 'dumad']"
244,928646436408868865,14.567526,121.01720900000001,"''PASIG CITY: #WalangPasok mula pre-school hanggang highschool sa mga pampubliko at pribadong paaralan bukas, araw ngâ€¦ https://t.co/If27qeBeKk''","''PASIG CITY: #WalangPasok mula pre-school hanggang highschool sa mga pampubliko at pribadong paaralan bukas, araw ngâ€¦ https://t.co/If27qeBeKk''","['pasig', 'city', 'walangpasok', 'mula', 'pre', 'school', 'hanggang', 'highschool', 'mga', 'pampubliko', 'pribadong', 'paaralan', 'bukas', 'araw']"
245,928643727177826304,18.2233,-66.4289,"''#SalomePH empieza a ser Tendencia, con 10027 tweets, ocupando la 49Âª posiciÃ³n en Puerto Rico. MÃ¡s en https://t.co/Q2h6KsMyr0 #trndnl''","''#SalomePH empieza a ser Tendencia, con 10027 tweets, ocupando la 49Âª posiciÃ³n en Puerto Rico. MÃ¡s en https://t.co/Q2h6KsMyr0 #trndnl''","['salomeph', 'empieza', 'ser', 'tendencia', 'con', 'tweet', 'ocupando', '49Âª', 'posiciÃ³n', 'puerto', 'rico', 'mÃ¡s', 'trndnl']"
246,928642587237298176,13.219976500000001,121.241867,"''Lord, please keep us safe. Thank you.  #SalomePH''","''Lord, please keep us safe. Thank you.  #SalomePH''","['lord', 'safe', 'thank', 'salomeph']"
247,928678401510014976,14.683012,121.0627355,''signal no. 2. be alert and be ready everybody. #SalomePH #pray4every1'',''signal no. 2. be alert and be ready everybody. #SalomePH #pray4every1'',"['signal', 'alert', 'ready', 'everybody', 'salomeph', 'pray4every1']"
248,928645238482116608,14.602851000000001,120.5259855,''hoy ano tuloy paba hahahahhahaha https://t.co/GKIxDrBvuI'',''hoy ano tuloy paba hahahahhahaha https://t.co/GKIxDrBvuI'',"['hoy', 'ano', 'tuloy', 'paba', 'hahahahhahaha']"
249,928642500981432321,14.5914565,120.9839865,''Thankyou for spoiling us tatay @PresidentErap!! Isa po kayong alamatğŸ˜˜ğŸ˜˜ https://t.co/8TYSt57fmR'',''Thankyou for spoiling us tatay @PresidentErap!! Isa po kayong alamatğŸ˜˜ğŸ˜˜ https://t.co/8TYSt57fmR'',"['thankyou', 'spoil', 'tatay', 'isa', 'kayong', 'alamatğŸ˜˜ğŸ˜˜']"
250,928646714419920901,14.683012,121.0627355,"''sana as legal management students, malaman ninyo na gramatically incorrect ang phrase na ""as per"" https://t.co/c9iytu2IY4''","''sana as legal management students, malaman ninyo na gramatically incorrect ang phrase na ""as per"" https://t.co/c9iytu2IY4''","['sana', 'legal', 'management', 'student', 'malaman', 'ninyo', 'gramatically', 'incorrect', 'ang', 'phrase']"
251,928642652534317057,14.278017000000002,121.09037350000001,''ğŸ™ƒğŸ™ƒğŸ™ƒğŸ™ƒğŸ™ƒ https://t.co/0lKhCpK9jL'',''ğŸ™ƒğŸ™ƒğŸ™ƒğŸ™ƒğŸ™ƒ https://t.co/0lKhCpK9jL'',['ğŸ™ƒğŸ™ƒğŸ™ƒğŸ™ƒğŸ™ƒ']
252,928641250936238080,14.5464995,121.033212,''HAHAHAHAHHAHAHA natupad! @RolandSulad https://t.co/Ko53W5USg7'',''HAHAHAHAHHAHAHA natupad! @RolandSulad https://t.co/Ko53W5USg7'',"['hahahahahhahaha', 'natupad']"
253,928665863732969472,14.504111499999999,121.0652415,''Gigil na gigil ako sayo #SalomePH'',''Gigil na gigil ako sayo #SalomePH'',"['gigil', 'gigil', 'ako', 'sayo', 'salomeph']"
254,928655896229453825,14.683012,121.0627355,''Ikumpleto niyo na xD https://t.co/63o3D9jiy1'',''Ikumpleto niyo na xD https://t.co/63o3D9jiy1'',"['ikumpleto', 'niyo']"
255,928653000540692480,15.5931,120.7391,''â’ˆ #WalangPasok â’‰ #WelcometoMNLHyungsik â’Š NDRRMC â’‹ Renz Valerio Turns19 â’Œ Erap  2017/11/9 23:53 +08 #trndnl https://t.co/dRwxiUtCOV'',''â’ˆ #WalangPasok â’‰ #WelcometoMNLHyungsik â’Š NDRRMC â’‹ Renz Valerio Turns19 â’Œ Erap  2017/11/9 23:53 +08 #trndnl https://t.co/dRwxiUtCOV'',"['walangpasok', 'welcometomnlhyungsik', 'ndrrmc', 'renz', 'valerio', 'turns19', 'erap', '2017/11/9', '23:53', 'trndnl']"
256,928644443577622529,14.346314900000001,121.0537553,''#SalomePH https://t.co/t7ncMfjoIa'',''#SalomePH https://t.co/t7ncMfjoIa'',['salomeph']
257,928641420893679616,14.4388285,120.995337,''Huwow https://t.co/zUM3y6bT8B'',''Huwow https://t.co/zUM3y6bT8B'',['huwow']
258,928644106040913920,14.5914565,120.9839865,''Wala nang BAWIAN AH PUTA https://t.co/J3KPvhOfan'',''Wala nang BAWIAN AH PUTA https://t.co/J3KPvhOfan'',"['wala', 'nang', 'bawian', 'puta']"
259,928643461477122048,15.415815499999999,121.66234299999999,''#WalangPasok eeh di ako napasok talaga e nextweek pa. haha'',''#WalangPasok eeh di ako napasok talaga e nextweek pa. haha'',"['walangpasok', 'eeh', 'ako', 'napasok', 'talaga', 'nextweek', 'haha']"
260,928641935375347712,14.567526,121.01720900000001,''Why don''''t we just cancel the whole sem while we''''re at it? #WalangPasok #BuhayGuro #PrayForMySyllabus #MagandaSiVPVilches'',''Why don''''t we just cancel the whole sem while we''''re at it? #WalangPasok #BuhayGuro #PrayForMySyllabus #MagandaSiVPVilches'',"[""don''''t"", 'cancel', 'sem', ""we''''re"", 'walangpasok', 'buhayguro', 'prayformysyllabus', 'magandasivpvilch']"
261,928644443594301440,14.5847555,121.0392605,''A moment of silence para sa AD plate kong walang progress na ipapasa dapat bukas... MAGANDA TIMING #SalomePH'',''A moment of silence para sa AD plate kong walang progress na ipapasa dapat bukas... MAGANDA TIMING #SalomePH'',"['moment', 'silence', 'para', 'plate', 'kong', 'walang', 'progress', 'ipapasa', 'dapat', 'bukas', 'maganda', 'timing', 'salomeph']"
262,928640075780341765,14.5464995,121.033212,''Shookt https://t.co/J43vRjTF0W'',''Shookt https://t.co/J43vRjTF0W'',['shookt']
263,928648605228924930,14.504111499999999,121.0652415,''Hindi makatulog dahil sa lakas ng hangin ramdam na si Bagyong #SalomePH  keep safe po tayong lahat..ğŸ™'',''Hindi makatulog dahil sa lakas ng hangin ramdam na si Bagyong #SalomePH  keep safe po tayong lahat..ğŸ™'',"['hindi', 'makatulog', 'dahil', 'lakas', 'hangin', 'ramdam', 'bagyong', 'salomeph', 'safe', 'tayong', 'lahat']"
264,928730003893710848,14.683012,121.0627355,''Natupad ang aking wish! ğŸ˜‚ğŸ˜‚ https://t.co/z0bg0EwP81'',''Natupad ang aking wish! ğŸ˜‚ğŸ˜‚ https://t.co/z0bg0EwP81'',"['natupad', 'ang', 'wish']"
265,928669400315523072,14.683012,121.0627355,''keep safe. keep high. keep dry. #SalomePH #pray4every1'',''keep safe. keep high. keep dry. #SalomePH #pray4every1'',"['safe', 'high', 'dry', 'salomeph', 'pray4every1']"
266,928642435109945344,16.0624505,120.3465635,''May bagyo..ğŸ˜®ğŸ˜®ğŸ˜® https://t.co/mdfJB1SfNQ'',''May bagyo..ğŸ˜®ğŸ˜®ğŸ˜® https://t.co/mdfJB1SfNQ'',"['bagyo', 'ğŸ˜®ğŸ˜®ğŸ˜®']"
267,928641426962841600,14.483414000000002,121.01080300000001,''Eh wala naman talaga akong pasok ng friday ğŸ˜‚ https://t.co/mTXfamMHTl'',''Eh wala naman talaga akong pasok ng friday ğŸ˜‚ https://t.co/mTXfamMHTl'',"['wala', 'naman', 'talaga', 'akong', 'pasok', 'friday']"
268,928643643367239680,14.5914565,120.9839865,''Buti pa yung panahon may karapatang ma-depress ğŸ˜¢ #WalangPasok'',''Buti pa yung panahon may karapatang ma-depress ğŸ˜¢ #WalangPasok'',"['buti', 'yung', 'panahon', 'karapatang', 'depress', 'walangpasok']"
269,928648445094649856,14.683012,121.0627355,''sana pala umuwi na ako ngayong gabi sa Bataan. wala naman palang pasok bukas yung case child ko sa preschool https://t.co/D3cFzPJmuD'',''sana pala umuwi na ako ngayong gabi sa Bataan. wala naman palang pasok bukas yung case child ko sa preschool https://t.co/D3cFzPJmuD'',"['sana', 'pala', 'umuwi', 'ako', 'ngayong', 'gabi', 'bataan', 'wala', 'naman', 'palang', 'pasok', 'bukas', 'yung', 'case', 'child', 'preschool']"
270,928649083534708736,14.5464995,121.033212,''List of class suspensions... https://t.co/2k0d1ce0yA'',''List of class suspensions... https://t.co/2k0d1ce0yA'',"['list', 'class', 'suspension']"
271,928645071552987136,14.3994195,120.93047949999999,''anona https://t.co/umWJV3Yksr'',''anona https://t.co/umWJV3Yksr'',['anona']
272,928811317078605824,14.407882999999998,121.03131,''Oh diba parang nagdahilan lang si #Salome... imberna diba?... #SalomePH #BayaningPuyat #BuhayAhente #AgentLife #Pepper #PepperPagerper'',''Oh diba parang nagdahilan lang si #Salome... imberna diba?... #SalomePH #BayaningPuyat #BuhayAhente #AgentLife #Pepper #PepperPagerper'',"['diba', 'parang', 'nagdahilan', 'lang', 'salome', 'imberna', 'diba', 'salomeph', 'bayaningpuyat', 'buhayahente', 'agentlife', 'pepper', 'pepperpagerper']"
273,928664996413718528,14.5914565,120.9839865,''Feel ko na #walangpasok. Super lakas ng hangin sa labas e. Galit si Salome ğŸ’ª'',''Feel ko na #walangpasok. Super lakas ng hangin sa labas e. Galit si Salome ğŸ’ª'',"['feel', 'walangpasok', 'super', 'lakas', 'hangin', 'laba', 'galit', 'salome']"
274,928640745115852800,14.567526,121.01720900000001,''GOOD EVENING MANILAAAAAAA!!! WALA NA RIN TAYONG PASOK #WalangPasok https://t.co/9vFpWs2DHw'',''GOOD EVENING MANILAAAAAAA!!! WALA NA RIN TAYONG PASOK #WalangPasok https://t.co/9vFpWs2DHw'',"['good', 'evening', 'manilaaaaaaa', 'wala', 'rin', 'tayong', 'pasok', 'walangpasok']"
275,928642610876465153,14.5833065,121.08234499999999,''Huhuhuhu this is badddddd https://t.co/273PNTdpHn'',''Huhuhuhu this is badddddd https://t.co/273PNTdpHn'',"['huhuhuhu', 'badddddd']"
276,928646851376513025,17.5998675,121.76746750000001,"''Sana Cagayan rin, HAHA hindi ko pa kasi tapos Balance Sheet, so nandamay pa ako ganernğŸ˜‚ğŸ™Š jk https://t.co/kNaqJNKl6I''","''Sana Cagayan rin, HAHA hindi ko pa kasi tapos Balance Sheet, so nandamay pa ako ganernğŸ˜‚ğŸ™Š jk https://t.co/kNaqJNKl6I''","['sana', 'cagayan', 'rin', 'haha', 'hindi', 'kasi', 'tapos', 'balance', 'sheet', 'nandamay', 'ako', 'ganernğŸ˜‚ğŸ™Š']"
277,928653980866973696,14.860594,121.16399750000001,''Walang palagggg https://t.co/1dg8VPDv4z'',''Walang palagggg https://t.co/1dg8VPDv4z'',"['walang', 'palagggg']"
278,928647738551443456,14.5914565,120.9839865,''Ang class Lang b ang #WalangPasok??  Panu namn kami???  Pati b nmn sa bagyo..  Aasa Pa rin ako'',''Ang class Lang b ang #WalangPasok??  Panu namn kami???  Pati b nmn sa bagyo..  Aasa Pa rin ako'',"['ang', 'class', 'lang', 'ang', 'walangpasok', 'panu', 'namn', 'kami', 'pati', 'nmn', 'bagyo', 'aasa', 'rin', 'ako']"
279,928642884437282816,14.8512035,120.9873905,''stay safe everyone!! ğŸ™ https://t.co/TF4uFFJx6O'',''stay safe everyone!! ğŸ™ https://t.co/TF4uFFJx6O'',"['stay', 'safe']"
280,928642224333602817,14.5833065,121.08234499999999,''Automatic suspension na pag signal no. 2 dibaaaa https://t.co/EpCIgHRxd3'',''Automatic suspension na pag signal no. 2 dibaaaa https://t.co/EpCIgHRxd3'',"['automatic', 'suspension', 'pag', 'signal', 'dibaaaa']"
281,928655940668162048,14.683012,121.0627355,''No work suspension for tomorrow. #SalomePH https://t.co/LZq2aGO5qD'',''No work suspension for tomorrow. #SalomePH https://t.co/LZq2aGO5qD'',"['work', 'suspension', 'tomorrow', 'salomeph']"
282,928644791507628033,14.5833065,121.08234499999999,''Yown thanks mayor! Makakapag meeting kami for debut ko tomorrow hehheehw https://t.co/CS7xU6wpNA'',''Yown thanks mayor! Makakapag meeting kami for debut ko tomorrow hehheehw https://t.co/CS7xU6wpNA'',"['yown', 'thank', 'mayor', 'makakapag', 'meeting', 'kami', 'debut', 'tomorrow', 'hehheehw']"
283,928648375070633984,25.187719,51.147218,''Nov.10 due to #SalomePH  Nov.11-12 Saturday Sunday Nov.13-15 Asean Summit  ğŸ˜ğŸ˜ğŸ˜'',''Nov.10 due to #SalomePH  Nov.11-12 Saturday Sunday Nov.13-15 Asean Summit  ğŸ˜ğŸ˜ğŸ˜'',"['nov.10', 'salomeph', 'nov.11', 'saturday', 'sunday', 'nov.13', 'asean', 'summit', 'ğŸ˜ğŸ˜ğŸ˜']"
284,928641927536197633,14.683012,121.0627355,''yeyyy â¤ï¸ very long weekend ğŸ’ª https://t.co/AtqZFySpgc'',''yeyyy â¤ï¸ very long weekend ğŸ’ª https://t.co/AtqZFySpgc'',"['yeyyy', 'long', 'weekend']"
285,928641797055795200,14.5914565,120.9839865,''Wala na. Wala na daw. #WalangPasok'',''Wala na. Wala na daw. #WalangPasok'',"['wala', 'wala', 'daw', 'walangpasok']"
286,928654824760950784,14.5914565,120.9839865,''#SalomePH unstoppable ka! may lakad ako tom and sat ha ğŸŒ©â˜”ï¸'',''#SalomePH unstoppable ka! may lakad ako tom and sat ha ğŸŒ©â˜”ï¸'',"['salomeph', 'unstoppable', 'lakad', 'ako', 'tom', 'sit', 'ğŸŒ©â˜”ï¸']"
287,928644813100015616,15.2335555,120.692499,''HAHAHSHSHAHAHAHAHA https://t.co/W5Ial7qJ1S'',''HAHAHSHSHAHAHAHAHA https://t.co/W5Ial7qJ1S'',['hahahshshahahahaha']
288,928643311828549632,14.683012,121.0627355,''â¤ï¸â¤ï¸â¤ï¸â¤ï¸â¤ï¸ https://t.co/RC0SqoQSrV'',''â¤ï¸â¤ï¸â¤ï¸â¤ï¸â¤ï¸ https://t.co/RC0SqoQSrV'',['â¤ï¸â¤ï¸â¤ï¸â¤ï¸â¤ï¸']
289,928647062538788864,14.675514999999999,120.93383349999999,''@binibiningADG https://t.co/kvqh80C3lT'',''@binibiningADG https://t.co/kvqh80C3lT'',[]
290,928648667862466560,14.483414000000002,121.01080300000001,"''Ang lala ng ASEAN weekend! Pagbalik ng mga students, ma-feel kaya nilang students pa rin sila? LOL.   Bakit walangâ€¦ https://t.co/Y5jidpWAsI''","''Ang lala ng ASEAN weekend! Pagbalik ng mga students, ma-feel kaya nilang students pa rin sila? LOL.   Bakit walangâ€¦ https://t.co/Y5jidpWAsI''","['ang', 'lala', 'asean', 'weekend', 'pagbalik', 'mga', 'student', 'feel', 'kaya', 'nilang', 'student', 'rin', 'sila', 'lol', 'bakit', 'walang']"
291,928653068165529600,13.872945499999998,122.2991135,''I shouldâ€™ve never left for Manila tonight. https://t.co/11paMUx7JE'',''I shouldâ€™ve never left for Manila tonight. https://t.co/11paMUx7JE'',"['have', 'leave', 'manila', 'tonight']"
292,928647393465188352,14.639378,120.515452,''Mukang mawawalan ng pasokğŸ˜­ https://t.co/cNMsvWTrso'',''Mukang mawawalan ng pasokğŸ˜­ https://t.co/cNMsvWTrso'',"['mukang', 'mawawalan', 'pasokğŸ˜­']"
293,928640543956930560,14.5847555,121.0392605,''@FEUMNL https://t.co/Qdu2ahVTYM'',''@FEUMNL https://t.co/Qdu2ahVTYM'',[]
294,928640538596618240,14.683012,121.0627355,''Yes! https://t.co/XaCAqogSna'',''Yes! https://t.co/XaCAqogSna'',['yes']
295,928645135671336960,14.5914565,120.9839865,''Aw wala pasok @gabperey https://t.co/nDJvm14KTZ'',''Aw wala pasok @gabperey https://t.co/nDJvm14KTZ'',"['wala', 'pasok']"
296,928655810967715845,14.5914565,120.9839865,''Ngatings mga orb https://t.co/UbKwVRSyrw'',''Ngatings mga orb https://t.co/UbKwVRSyrw'',"['ngatings', 'mga', 'orb']"
297,928663411931561984,28.638489500000002,77.095086,"''Good night everyone! â¤ï¸ Be safe. Keep your torches charged and ready, your pantry stocked. Don''''t forget your rain gâ€¦ https://t.co/uhxKeNu3Hs''","''Good night everyone! â¤ï¸ Be safe. Keep your torches charged and ready, your pantry stocked. Don''''t forget your rain gâ€¦ https://t.co/uhxKeNu3Hs''","['good', 'night', 'safe', 'torch', 'charge', 'ready', 'pantry', 'stock', ""don''''t"", 'forget', 'rain']"
298,928641857382375425,14.712613000000001,120.97565549999999,''Thanks G https://t.co/AqqeCCSwIX'',''Thanks G https://t.co/AqqeCCSwIX'',['thank']
299,928643443412189184,14.683012,121.0627355,''Sembreak again ğŸ”¥ https://t.co/EQvmhThL0z'',''Sembreak again ğŸ”¥ https://t.co/EQvmhThL0z'',['sembreak']
300,928643427196997633,14.306869500000001,121.0690575,''Okay Signal #2 na agad. #SalomePH'',''Okay Signal #2 na agad. #SalomePH'',"['okay', 'signal', 'agad', 'salomeph']"
301,928667911060779008,14.5914565,120.9839865,"''Happy 18th birthday @Stuffedbook10 grabe dalaga na sya ipapahanda na namin 18 roses, 18 activity forms, 18 logisticâ€¦ https://t.co/xPIZAo1bJC''","''Happy 18th birthday @Stuffedbook10 grabe dalaga na sya ipapahanda na namin 18 roses, 18 activity forms, 18 logisticâ€¦ https://t.co/xPIZAo1bJC''","['happy', '18th', 'birthday', 'grabe', 'dalaga', 'sya', 'ipapahanda', 'namin', 'rose', 'activity', 'form', 'logistic']"
302,928655295143751683,13.872945499999998,122.2991135,"''Since offices will be open tomorrow, I wonder if my compre exam can still push through. ğŸ¤” Otherwise, I should not hâ€¦ https://t.co/YtwLfM5n8a''","''Since offices will be open tomorrow, I wonder if my compre exam can still push through. ğŸ¤” Otherwise, I should not hâ€¦ https://t.co/YtwLfM5n8a''","['office', 'open', 'tomorrow', 'wonder', 'compre', 'exam', 'push']"
303,928642458086510594,40.5724045,-74.41364399999999,''Anong trip ng PAGASA at kay @SalomeSalvi pa pinangalan ang bagyo kklk HAHAHAHA #SalomePH'',''Anong trip ng PAGASA at kay @SalomeSalvi pa pinangalan ang bagyo kklk HAHAHAHA #SalomePH'',"['anong', 'trip', 'pagasa', 'kay', 'pinangalan', 'ang', 'bagyo', 'kklk', 'hahahaha', 'salomeph']"
304,928647732406784000,14.05741,120.90714750000001,''Ano po ba talaga? Signal #1 or #2? #Batangas #SalomePH https://t.co/4nxWu9WLML'',''Ano po ba talaga? Signal #1 or #2? #Batangas #SalomePH https://t.co/4nxWu9WLML'',"['ano', 'talaga', 'signal', 'batangas', 'salomeph']"
305,928649657210699776,14.538013000000001,121.169273,''Petmalu https://t.co/IJNiAV1K9r'',''Petmalu https://t.co/IJNiAV1K9r'',['petmalu']
306,928642343544111104,14.683012,121.0627355,''Ninong @PresidentErap https://t.co/AFkP7DIne4'',''Ninong @PresidentErap https://t.co/AFkP7DIne4'',['ninong']
307,928739481196281856,14.349252499999999,121.0444275,''Sarap ng gising ko https://t.co/f5npZbP5z5'',''Sarap ng gising ko https://t.co/f5npZbP5z5'',"['sarap', 'gis']"
308,928650314730762240,14.0227145,120.75853049999999,''wala na nga ğŸ˜‚ https://t.co/yLSfPXReLe'',''wala na nga ğŸ˜‚ https://t.co/yLSfPXReLe'',"['wala', 'nga']"
309,928649903378718720,5.158936499999999,6.1978230000000005,''Dont miss #Evangelistreinhardbonnke  power-parked crusade happening live in Lagos #TystnadTagning #SPM2017â€¦ https://t.co/OZrCK0DqN4'',''Dont miss #Evangelistreinhardbonnke  power-parked crusade happening live in Lagos #TystnadTagning #SPM2017â€¦ https://t.co/OZrCK0DqN4'',"['not', 'miss', 'evangelistreinhardbonnke', 'power', 'park', 'crusade', 'happen', 'live', 'lagos', 'tystnadtagning', 'spm2017']"
310,928644713367838721,15.459767000000001,121.034475,''Nagtretrend si Mayor Erap sa tweeter kasi naging bayani nanaman siya saming mga Istudyante ng Maynila #WalangPasok ğŸ˜‚'',''Nagtretrend si Mayor Erap sa tweeter kasi naging bayani nanaman siya saming mga Istudyante ng Maynila #WalangPasok ğŸ˜‚'',"['nagtretrend', 'mayor', 'erap', 'tweeter', 'kasi', 'nag', 'bayani', 'nanaman', 'siya', 'sam', 'mga', 'istudyante', 'maynila', 'walangpasok']"
311,928645533018628096,14.712613000000001,120.97565549999999,''Magpugay oh hahaha https://t.co/6jLOND8lgJ'',''Magpugay oh hahaha https://t.co/6jLOND8lgJ'',"['magpugay', 'hahaha']"
312,928650722337591301,14.683012,121.0627355,"''salamat, rest lang muna si pogi boy.  RT @QCPublicAffairs classes at ALL LEVELS in QUEZON CITY are suspended tomorrâ€¦ https://t.co/NjIEHYF2yD''","''salamat, rest lang muna si pogi boy.  RT @QCPublicAffairs classes at ALL LEVELS in QUEZON CITY are suspended tomorrâ€¦ https://t.co/NjIEHYF2yD''","['salamat', 'rest', 'lang', 'muna', 'pogi', 'boy', 'class', 'levels', 'quezon', 'city', 'suspend', 'tomorr']"
313,928650441029705729,14.683012,121.0627355,''Unang tweet ng hashtag #WalangPasok ngayong sem. ğŸ™ƒ ang sipag ko talaga'',''Unang tweet ng hashtag #WalangPasok ngayong sem. ğŸ™ƒ ang sipag ko talaga'',"['unang', 'tweet', 'hashtag', 'walangpasok', 'ngayong', 'sem', 'ang', 'sipag', 'talaga']"
314,928644724570783745,14.4388285,120.995337,''medyo tutol kami sa posibleng suspensiom bukas. hahaha. stay safe fam! https://t.co/5jPccK71gz'',''medyo tutol kami sa posibleng suspensiom bukas. hahaha. stay safe fam! https://t.co/5jPccK71gz'',"['medyo', 'tutol', 'kami', 'posibleng', 'suspensiom', 'bukas', 'hahaha', 'stay', 'safe', 'fam']"
315,928743586782371840,15.5931,120.7391,''â’ˆ #MakeMeAngryIn5Words â’‰ #ALDUBManaligSaPuso â’Š #WelcometoMNLHyungsik â’‹ #SalomePH â’Œ #LLSBlackParty  2017/11/10 05:53 +08'',''â’ˆ #MakeMeAngryIn5Words â’‰ #ALDUBManaligSaPuso â’Š #WelcometoMNLHyungsik â’‹ #SalomePH â’Œ #LLSBlackParty  2017/11/10 05:53 +08'',"['makemeangryin5word', 'aldubmanaligsapuso', 'welcometomnlhyungsik', 'salomeph', 'llsblackparty', '2017/11/10', '05:53']"
316,928642299671715841,14.683012,121.0627355,''#WalangPasok'',''#WalangPasok'',['walangpasok']
317,928645967636717568,14.5328815,121.0069495,"''Ayan suot na naman mga Pulag outfit, Lamig eh. :p #Haiku #SalomePH''","''Ayan suot na naman mga Pulag outfit, Lamig eh. :p #Haiku #SalomePH''","['ayan', 'suot', 'naman', 'mga', 'pulag', 'outfit', 'lamig', 'haiku', 'salomeph']"
318,928641693586305024,14.683012,121.0627355,''THIS IS THE LIFE YAY https://t.co/leuuQvfptP'',''THIS IS THE LIFE YAY https://t.co/leuuQvfptP'',"['life', 'yay']"
319,928644093629964289,14.5914565,120.9839865,"''Kung kelan gustung gusto mo pumasok saka naman babagyo ğŸ˜ sayang ang ganap bukas, tapos one week uling bakasyon ğŸ˜‚ğŸ˜‚sarap buhay ğŸ˜ #WalangPasok''","''Kung kelan gustung gusto mo pumasok saka naman babagyo ğŸ˜ sayang ang ganap bukas, tapos one week uling bakasyon ğŸ˜‚ğŸ˜‚sarap buhay ğŸ˜ #WalangPasok''","['kung', 'kelan', 'gustung', 'gusto', 'pumasok', 'saka', 'naman', 'babagyo', 'sayang', 'ang', 'ganap', 'bukas', 'tapos', 'week', 'uling', 'bakasyon', 'ğŸ˜‚ğŸ˜‚sarap', 'buhay', 'walangpasok']"
320,928643077933228032,14.504111499999999,121.0652415,''Signal #2 na Metro manila https://t.co/clmQlTdBbH'',''Signal #2 na Metro manila https://t.co/clmQlTdBbH'',"['signal', 'metro', 'manila']"
321,928730283565768704,14.2797435,120.871999,''Ang hangin mo. #SalomePH'',''Ang hangin mo. #SalomePH'',"['ang', 'hangin', 'salomeph']"
322,928641412886700032,14.771861999999999,120.9444685,''Lakas talaga ng pananalig koğŸ˜Œ https://t.co/dd18dBuYhx'',''Lakas talaga ng pananalig koğŸ˜Œ https://t.co/dd18dBuYhx'',"['lakas', 'talaga', 'pananalig', 'koğŸ˜Œ']"
323,928653826957099008,14.5833065,121.08234499999999,''ğŸ https://t.co/t1tsFnlDyc'',''ğŸ https://t.co/t1tsFnlDyc'',[]
324,928671804331134976,14.4304565,120.96950149999999,''140: Long Weekend.  280: Loooooooooooooooooooooooooooooooooooooooooooooooooooooooooooooooooooooooooooooooooooooooooâ€¦ https://t.co/U6nVHBeFtq'',''140: Long Weekend.  280: Loooooooooooooooooooooooooooooooooooooooooooooooooooooooooooooooooooooooooooooooooooooooooâ€¦ https://t.co/U6nVHBeFtq'',"['long', 'weekend', 'looooooooooooooooooooooooooooooooooooooooooooooooooooooooooooooooooooooooooooooooooooooooo']"
325,928647027231154181,14.712613000000001,120.97565549999999,''ETO TALAGA INAANTAY KO. KASI HANGGANG ACT 14 PALANG NASASAGUTAN KO SA MICRO MANUAL HAHAHAHAHAHA https://t.co/X5o4upbBIZ'',''ETO TALAGA INAANTAY KO. KASI HANGGANG ACT 14 PALANG NASASAGUTAN KO SA MICRO MANUAL HAHAHAHAHAHA https://t.co/X5o4upbBIZ'',"['eto', 'talaga', 'inaantay', 'kasi', 'hanggang', 'act', 'palang', 'nasasagutan', 'micro', 'manual', 'hahahahahaha']"
326,928738464610238464,14.683012,121.0627355,"''Mixed feelings. I could rest longer, but when I think abt the missed lessons &amp; my other things to do... #walangpasok #threehundredfourteenth''","''Mixed feelings. I could rest longer, but when I think abt the missed lessons &amp; my other things to do... #walangpasok #threehundredfourteenth''","['mixed', 'feeling', 'rest', 'long', 'think', 'abt', 'miss', 'lesson', 'amp', 'thing', 'walangpasok', 'threehundredfourteenth']"
327,928670180930084864,16.843279000000003,121.56304750000001,''#WalangPasok sana para walag quiz di ako ready eh hahaha'',''#WalangPasok sana para walag quiz di ako ready eh hahaha'',"['walangpasok', 'sana', 'para', 'walag', 'quiz', 'ako', 'ready', 'hahaha']"
328,928648293751521281,14.407882999999998,121.03131,''Nagaaral po kami nang mabuti.. tapos po walang pasok? ;( HAHAHAHAHAHAHAHHAHA https://t.co/uBpkkBj1uQ'',''Nagaaral po kami nang mabuti.. tapos po walang pasok? ;( HAHAHAHAHAHAHAHHAHA https://t.co/uBpkkBj1uQ'',"['nagaaral', 'kami', 'nang', 'mabuti', 'tapos', 'walang', 'pasok', 'hahahahahahahahhaha']"
329,928649625233342464,14.683012,121.0627355,''ğŸ¤˜ğŸ¼ https://t.co/zr2QbGWZHY'',''ğŸ¤˜ğŸ¼ https://t.co/zr2QbGWZHY'',[]
330,928643406229733376,13.219976500000001,121.241867,"''Kung walang mami, sa-LOME nalang tayo.  #SalomePH''","''Kung walang mami, sa-LOME nalang tayo.  #SalomePH''","['kung', 'walang', 'mami', 'lome', 'nalang', 'tayo', 'salomeph']"
331,928639158720925696,14.646970999999999,121.104887,''HAHAHHAHAHAH https://t.co/Bhe6pZDZaS'',''HAHAHHAHAHAH https://t.co/Bhe6pZDZaS'',['hahahhahahah']
332,928650269331677184,14.6879375,121.170794,''@mrkpsc signal no.2 https://t.co/FoxQpH5ZFC'',''@mrkpsc signal no.2 https://t.co/FoxQpH5ZFC'',"['signal', 'no.2']"
333,928655851149172738,16.397208,121.133401,''Vizcaya din sana. Para ma-move exams ng alaga ko. Hahahaha. #WalangPasok #SalomePH'',''Vizcaya din sana. Para ma-move exams ng alaga ko. Hahahaha. #WalangPasok #SalomePH'',"['vizcaya', 'din', 'sana', 'para', 'exam', 'alaga', 'hahahaha', 'walangpasok', 'salomeph']"
334,928652879144955904,14.683012,121.0627355,''BERI BERI LONG WEEKEND YAY LUV ET https://t.co/6GW3RiaszI'',''BERI BERI LONG WEEKEND YAY LUV ET https://t.co/6GW3RiaszI'',"['beri', 'beri', 'long', 'weekend', 'yay', 'luv']"
335,928651161179000833,14.5464995,121.033212,''HAHAHAHAHAAH TANGINA https://t.co/NgEggjp60G'',''HAHAHAHAHAAH TANGINA https://t.co/NgEggjp60G'',"['hahahahahaah', 'tangina']"
336,928643408352100353,14.5914565,120.9839865,''â¤ï¸ https://t.co/560UPdXK1M'',''â¤ï¸ https://t.co/560UPdXK1M'',[]
337,928651749413363712,14.7108935,121.0311415,''Mag eenroll na nga ako Bukas eh!!! ğŸ˜­ğŸ’”ğŸ˜­ https://t.co/BH19Eyd7NW'',''Mag eenroll na nga ako Bukas eh!!! ğŸ˜­ğŸ’”ğŸ˜­ https://t.co/BH19Eyd7NW'',"['mag', 'eenroll', 'nga', 'ako', 'bukas', 'ğŸ˜­ğŸ’”ğŸ˜­']"
338,928654313483673601,14.7108935,121.0311415,''Thank you ninong! Hahaha https://t.co/ZgzE4eAvlB'',''Thank you ninong! Hahaha https://t.co/ZgzE4eAvlB'',"['thank', 'ninong', 'hahaha']"
339,928646713148968961,14.5914565,120.9839865,''My chances of meeting my crush(es) are now back to zero ğŸ™ƒ #WalangPasok'',''My chances of meeting my crush(es) are now back to zero ğŸ™ƒ #WalangPasok'',"['chance', 'meet', 'crush(es', 'walangpasok']"
340,928669183931326464,14.4304565,120.96950149999999,''At mapapagood job ka https://t.co/A51Ap1OepK'',''At mapapagood job ka https://t.co/A51Ap1OepK'',"['mapapagood', 'job']"
341,928685094813908992,14.3994195,120.93047949999999,''Kamusta kaya sitwasyon ng aguinaldo highway passable ba? #SalomePH'',''Kamusta kaya sitwasyon ng aguinaldo highway passable ba? #SalomePH'',"['kamusta', 'kaya', 'sitwasyon', 'aguinaldo', 'highway', 'passable', 'salomeph']"
342,928644012482838528,14.5914565,120.9839865,''#WalangPasok oops all nighters'',''#WalangPasok oops all nighters'',"['walangpasok', 'oop', 'nighter']"
343,928642178783395842,14.5914565,120.9839865,''yaay #FierceTamaraws https://t.co/526RXLHgqn'',''yaay #FierceTamaraws https://t.co/526RXLHgqn'',"['yaay', 'fiercetamaraws']"
344,928653602305929216,14.575547400000001,121.0275404,''Maraming Thank you Mayora! Labyou Mommyâ¤ #WalangPasok https://t.co/A7n8Awly32'',''Maraming Thank you Mayora! Labyou Mommyâ¤ #WalangPasok https://t.co/A7n8Awly32'',"['maraming', 'thank', 'mayora', 'labyou', 'mommyâ¤', 'walangpasok']"
345,928738552606744576,15.5931,120.7391,''â’ˆ #MakeMeAngryIn5Words â’‰ #ALDUBManaligSaPuso â’Š #WelcometoMNLHyungsik â’‹ #SalomePH â’Œ #LLSBlackParty  2017/11/10 05:32 +08'',''â’ˆ #MakeMeAngryIn5Words â’‰ #ALDUBManaligSaPuso â’Š #WelcometoMNLHyungsik â’‹ #SalomePH â’Œ #LLSBlackParty  2017/11/10 05:32 +08'',"['makemeangryin5word', 'aldubmanaligsapuso', 'welcometomnlhyungsik', 'salomeph', 'llsblackparty', '2017/11/10', '05:32']"
346,928651174961602560,14.646970999999999,121.104887,''Dapat talaga may pasok bukas eh. Wala naman ulan bukas ğŸ˜‚ğŸ˜‚ğŸ˜‚  #WalangPasok'',''Dapat talaga may pasok bukas eh. Wala naman ulan bukas ğŸ˜‚ğŸ˜‚ğŸ˜‚  #WalangPasok'',"['dapat', 'talaga', 'pasok', 'bukas', 'wala', 'naman', 'ulan', 'bukas', 'ğŸ˜‚ğŸ˜‚ğŸ˜‚', 'walangpasok']"
