,user location,language,text,lng,user utc offset,lat,user,,id,created_at,lemmas,user time zone
,-32400.0,tl,"Pag-alis mo sa bansa, sama mo na rin si Napoles pls. @BagyongYoIanda",120.9975392,,14.57343263,yocezto,,'398747201662222336',1383874915.0,"['pag', 'alis', 'bansa', 'sama', 'rin', 'napoles', 'pls']",Alaska
,,tl,"Ang kagandahan mo ay parang Janet Napoles""HINDI KO PO ALAM""",121.0316615,"MNL, PHL",14.690401300000001,fibim08,,'398748717454331904',1383875277.0,"['ang', 'kagandahan', 'parang', 'janet', 'napoles""hindi', 'alam']",
,-32400.0,tl,@_LatersBaby: POTANGINA tama na Yolanda! Tama na! Sa selda ka na lng ni Napoles mag hasik ng lagim pwde? #PrayForThePhilippines,121.03061773,MNL,14.45995865,_LatersBaby,,'398749310520537088',1383875418.0,"['potangina', 'tama', 'yolanda', 'tama', 'selda', 'lng', 'napoles', 'mag', 'hasik', 'lagim', 'pwde', 'prayforthephilippine']",Alaska
,28800.0,tl,"Andaming pera ni napoles, di niya naisipang pagawa muka niya?",121.03691935,IG-@FIDERalism,14.61060758,FIDERalism,,'398750036554555392',1383875591.0,"['andam', 'pera', 'napole', 'niya', 'naisipang', 'pagawa', 'muka', 'niya']",Beijing
,,tl,Bat di na lang kasi ialay na lang si Napoles kay Yolanda para tumigil na yang bagyong yan,121.06115420000002,Carmona. Cavite,14.316466199999999,mondcollantes,,'398750903705939968',1383875798.0,"['bat', 'lang', 'kasi', 'ialay', 'lang', 'napoles', 'kay', 'yolanda', 'para', 'tumigil', 'yang', 'bagyong', 'yan']",
,28800.0,tl,Napoles sadyabang ugali mo magnakaw ng kaban ng bayan .. Siguro nung Bata ka mahilig ka mangupit Sa nanay  mo ,120.5652,tarlac,15.732529999999999,Flawless1127,,'398750936517980160',1383875806.0,"['napole', 'sadyabang', 'ugali', 'magnakaw', 'kaban', 'bayan', 'siguro', 'nung', 'bata', 'mahilig', 'mangupit', 'nanay']",Singapore
,28800.0,tl,Na NAPOLES-ZONED KA NA BA? HAHAHHAHAA,-73.979681,"New York, NY",40.697488,limeongko,,'398751382594781184',1383875912.0,"['napoles', 'zoned', 'hahahhahaa']",Singapore
,28800.0,id,Napoles Sama kana Kay Yolanda,120.5652,tarlac,15.732529999999999,Flawless1127,,'398753217896411138',1383876350.0,"['napole', 'sama', 'kana', 'kay', 'yolanda']",Singapore
,,tl,"Dear Yolanda, pakitangay na lang si #Napoles at  ang #chicser . Labyu!",121.30943563,Philippines,14.48070899,flambert_13,,'398753810622865408',1383876491.0,"['dear', 'yolanda', 'pakitangay', 'lang', 'napole', 'ang', 'chicser', 'labyu']",
,-21600.0,tl,@aibielopez aww. Na-napoles!! Haha. Yung nagtrending ga 'to? Hahahaha.,121.06177679999999,"Batangas City, PH",13.7760687,HeyyREINAJOY,,'398753948342812672',1383876524.0,"['aww', 'napole', 'haha', 'yung', 'nagtrend', 'hahahaha']",Central Time (US & Canada)
,28800.0,tl,Kung dati ang meaning ng NP no problem ngayon NAPOLES PANGET ,120.5652,tarlac,15.732529999999999,Flawless1127,,'398754224462245890',1383876590.0,"['kung', 'dati', 'ang', 'mean', 'problem', 'ngayon', 'napoles', 'panget']",Singapore
,-32400.0,tl,Hindi ko po alam kung bakit bitter ako-.-*Napoles style*,120.63636188,EXOcytosises,14.96885916,Nikkiii_28,,'398754619364368386',1383876684.0,"['hindi', 'alam', 'kung', 'bakit', 'bitter', 'ako-.-*napole', 'style']",Alaska
,-28800.0,tl,Napaka sinungaling. Idol ata nito si Napoles eh,120.98900468,MNL,14.37900924,inahrawr,,'398755175675871233',1383876817.0,"['napaka', 'sinungaling', 'idol', 'ata', 'nito', 'napole']",Pacific Time (US & Canada)
,-32400.0,tl,@BagyongYoIanda: Wag kayong mag-alala isasama ko si napoles.,121.02720501,San Juan City,14.60360865,ChrstnGnzls,,'398755225206415360',1383876828.0,"['wag', 'kayong', 'mag', 'alala', 'isasama', 'napole']",Alaska
,-25200.0,tl,"@ShutangInaDre: Ang kagandahan mo parang JANET NAPOLES. ""Hindi ko alam!"" Ang hard. Ahahaha",121.15201449,Philippines,14.73448661,iamjmpg,,'398755365073874944',1383876862.0,"['ang', 'kagandahan', 'parang', 'janet', 'napoles', 'hindi', 'alam', 'ang', 'hard', 'ahahaha']",Arizona
,-32400.0,tl,"@ShutangInaDre: Ang kagandahan mo parang JANET NAPOLES. ""Hindi ko alam!""",121.08796323,Philippines,14.35021103,CHAmpaloks,,'398755406660374528',1383876872.0,"['ang', 'kagandahan', 'parang', 'janet', 'napoles', 'hindi', 'alam']",Alaska
,28800.0,en,@laslasnafriend: Smile smile din pag may crime. #Napoles http://t.co/bGGzZahf7M,121.5605345,"Baler, Aurora",15.75884731,ronncedric12,,'398756068425080832',1383877029.0,"['smile', 'smile', 'din', 'pag', 'crime', 'napole', 'http://t.co/bggzzahf7m']",Singapore
,28800.0,tl,"""@ShutangInaDre: Ang kagandahan mo parang JANET NAPOLES. ""Hindi ko alam!""""",121.0018571,,14.5343689,Jilicaaaaa,,'398756658211336192',1383877170.0,"['ang', 'kagandahan', 'parang', 'janet', 'napoles', 'hindi', 'alam']",Beijing
,28800.0,en,@rapplerdotcom Napoles just comfortable in life? With 7 cars as she claimed? That's a high standard! #Napoles,121.03555231,"Manila, Philippines",14.59071875,lanzor_ph,,'398756780173307905',1383877199.0,"['napoles', 'comfortable', 'life', 'car', 'claim', 'high', 'standard', 'napole']",Hong Kong
,-32400.0,tl,"""@ShutangInaDre: Ang kagandahan mo parang JANET NAPOLES. ""Hindi ko alam!""""",121.5541093,BLR,15.756035199999998,CheeckyTricia,,'398757030199955456',1383877259.0,"['ang', 'kagandahan', 'parang', 'janet', 'napoles', 'hindi', 'alam']",Alaska
,,en,@gmanews: Napoles' denials can be used against her Escudero http://t.co/jN870qGhfm RT,121.00683192,"Manila, Philippines",14.57349131,SharonAniciete,,'398757146096959489',1383877286.0,"['napole', 'denial', 'escudero', 'http://t.co/jn870qghfm']",
,28800.0,tl,"""@syakniJayR: @imemarchelle hindi ko po alam.. xD"" am I talking to Ms. Janett Napoles? Lol x)",120.97727040000001,,14.5862766,imemarchelle,,'398757628060241920',1383877401.0,"['hindi', 'alam', 'talk', 'ms.', 'janett', 'napoles', 'lol']",Hong Kong
,32400.0,tl,"Dear #YolandaPH, can you please make bitbit #Napoles with you ? Bagyo din ng kasinungalingan eh. Category 10 ?",121.07624173,Manila,14.61626387,coffee0818,,'398758523699331072',1383877615.0,"['dear', 'yolandaph', 'bitbit', 'napoles', 'bagyo', 'din', 'kasinungalingan', 'category']",Seoul
,28800.0,tl,@inquirerdotnet @nababaha Sa path ng bagyo none to moderate rain lang? Mukhang kulang tayo sa instruments. Binulsa kasi ni Napoles yung fund,121.0971429,Philippines,14.608479800000001,melvinvillamil,,'398758561339031553',1383877624.0,"['path', 'bagyo', 'moderate', 'rain', 'lang', 'mukhang', 'kulang', 'tayo', 'instrument', 'binulsa', 'kasi', 'napoles', 'yung', 'fund']",Hong Kong
,32400.0,en,"Dear #YolandaPH, willing namin ialay ng buo si #Napoles Lumayas kalang. #PrayForThePhilippines and pray for Yolanda to make bitbit Napoles",121.07642542,Manila,14.61608172,coffee0818,,'398759201830207488',1383877776.0,"['dear', 'yolandaph', 'willing', 'namin', 'ialay', 'buo', 'napoles', 'lumayas', 'kalang', 'prayforthephilippine', 'pray', 'yolanda', 'bitbit', 'napole']",Seoul
,-28800.0,tl,@BagyongYoIanda: Wag kayong mag-alala isasama ko si napoles. Hahaha,120.96749566,"Bacoor,Cavite Philippines",14.42873691,Patriciooojamon,,'398759347192217600',1383877811.0,"['wag', 'kayong', 'mag', 'alala', 'isasama', 'napole', 'hahaha']",Pacific Time (US & Canada)
,-32400.0,tl,"""@imkerwinking: I-alay na si Napoles! Para tumigil na si Yolanda""",121.17345359999999,,14.499038800000001,gheann_23,,'398759692261810176',1383877893.0,"['alay', 'napoles', 'para', 'tumigil', 'yolanda']",Alaska
,28800.0,tl,@syakniJayR ano ba sinesekreto mo ah napoles? HAHAHA X))),120.9772703,,14.5862768,imemarchelle,,'398760088854224896',1383877988.0,"['ano', 'sinesekreto', 'napole', 'hahaha']",Hong Kong
,-32400.0,tl,"Mabuti pa ang pagdating ni YOLANDA pinagkaabalahan paghandaan, Ang pagdating ni NAPOLES, walang naikasa sa kaso hindi nakapuntos, dehado!",124.6741533,Camiguin Island Philippines,9.1250416,daffylism,,'398760197386022912',1383878014.0,"['mabuti', 'ang', 'pagdat', 'yolanda', 'pinagkaabalahan', 'paghandaan', 'ang', 'pagdat', 'napoles', 'walang', 'naikasa', 'kaso', 'hindi', 'nakapuntos', 'dehado']",Alaska
,28800.0,tl,"""@BagyongYoIanda: Wag kayong mag-alala isasama ko si napoles."" Yun naman pala eh go lang ng go",120.97718219999999,Somewhere in Neverland,14.437798,karlanobleza,,'398761328317194241',1383878283.0,"['wag', 'kayong', 'mag', 'alala', 'isasama', 'napole', 'yun', 'naman', 'pala', 'lang']",Hong Kong
,-39600.0,en,I hate you more than i hate napoles.,122.81774232,Philippines,9.98490373,TheTonie_Khaela,,'398761332347924481',1383878284.0,"['hate', 'hate', 'napole']",Midway Island
,28800.0,tl,@BagyongYoIanda: Wag kayong mag-alala isasama ko si napoles.,120.95955713,Philippines,14.43465058,JiiinSanity,,'398761620823760896',1383878353.0,"['wag', 'kayong', 'mag', 'alala', 'isasama', 'napole']",Beijing
,-28800.0,tl,Kapatid ng magnanakaw ang sinungaling. Kaya wag na kayo magtaka kung hindi aamin si Napoles.,120.8769,"Mitaka City, Tokyo, Japan",14.39136,AiratotPayatot,,'398761989184299008',1383878441.0,"['kapatid', 'magnanakaw', 'ang', 'sinungaling', 'kaya', 'wag', 'kayo', 'magtaka', 'kung', 'hindi', 'aamin', 'napoles']",Pacific Time (US & Canada)
,32400.0,tl,#YolandaPH pakibitbit si #Napoles ! Madali ka!,121.07634615,Manila,14.61613215,coffee0818,,'398762043894800384',1383878454.0,"['yolandaph', 'pakibitbit', 'napoles', 'madali']",Seoul
,-28800.0,tl,"Yolanda, inaalay po namin si Napoles. Umalis ka na teh.",121.04493648,QC,14.69045442,rachel_shines,,'398762169098969088',1383878484.0,"['yolanda', 'inaalay', 'namin', 'napoles', 'umalis', 'teh']",Pacific Time (US & Canada)
,-28800.0,tl,"""@laslasnafriend: Smile smile din pag may crime. #Napoles http://t.co/l9c83S2Rw2"" Pakyu Napoles!",121.0234999,,14.5903323,Chelleismeyyy,,'398762200463974401',1383878491.0,"['smile', 'smile', 'din', 'pag', 'crime', 'napole', 'http://t.co/l9c83s2rw2', 'pakyu', 'napoles']",Pacific Time (US & Canada)
,32400.0,tl,#YolandaPH Lumayas kana Please . Alam naming si #napoles ang hanap mo. Bitbitin mo na. Walang pipigil sayo.,121.07633975,Manila,14.616153599999999,coffee0818,,'398762325697503232',1383878521.0,"['yolandaph', 'lumayas', 'kana', 'alam', 'name', 'napole', 'ang', 'hanap', 'bitbitin', 'walang', 'pipigil', 'sayo']",Seoul
,-28800.0,tl,"""@nadinete: @BagyongYoIanda: Wag kayong mag-alala isasama ko si napoles. Bv hahahaha""",125.6098816,Philippines,7.0856803,nikkiyyaaa,,'398762330177015809',1383878522.0,"['wag', 'kayong', 'mag', 'alala', 'isasama', 'napole', 'hahahaha']",Pacific Time (US & Canada)
,-25200.0,id,Mrs. Yolanda Napoles \m/,120.9959784,"Manila, Philippines",14.427582800000001,jrreguyal21,,'398762614936702977',1383878590.0,"['mrs.', 'yolanda', 'napoles', '\\m/']",Arizona
,,id,Yolanda vs Napoles #dikoalam,120.98193375,Philippines,14.62242724,maanrosas,,'398762984383578112',1383878678.0,"['yolanda', 'napoles', 'dikoalam']",
,28800.0,tl,Yolanda ano bang gusto mo?? Gue libre na si Napoles ... She's all yours xD,120.5652,tarlac,15.732529999999999,Flawless1127,,'398763346935021568',1383878765.0,"['yolanda', 'ano', 'bang', 'gusto', 'gue', 'libre', 'napoles']",Singapore
,28800.0,tl,alam niyo kung bakit binabagyo Pilipinas ngayon? Napoles.,120.98207759999998,Las Pias City,14.4375615,_itzbmnlg,,'398763748279603200',1383878860.0,"['alam', 'niyo', 'kung', 'bakit', 'binabagyo', 'pilipinas', 'ngayon', 'napole']",Hong Kong
,-28800.0,tl,"""@RescuePH: RT @BagyongYoIanda: Wag kayong mag-alala isasama ko si napoles.""",120.99032290000001,Instagram : @Missa_Ford,14.6877079,Missa_Ford,,'398764365144260608',1383879007.0,"['wag', 'kayong', 'mag', 'alala', 'isasama', 'napole']",Pacific Time (US & Canada)
,-18000.0,tl,@CALUMATIS tangina sino nagsabing panget ka pakokotongan ko kay napoles,121.0316555,Rakker   selosa,14.5773492,craicapussycat,,'398764376477278208',1383879010.0,"['tangina', 'sino', 'nagsabing', 'panget', 'pakokotongan', 'kay', 'napole']",Eastern Time (US & Canada)
,28800.0,tl,@EJersen wag . Si yolanda lang ang aalis . Respect napoles :),120.9620791,6/6,14.3281356,chicsersanity,,'398764788521529344',1383879108.0,"['wag', 'yolanda', 'lang', 'ang', 'aalis', 'respect', 'napole']",Hong Kong
,28800.0,id,Napoles sinusundo kana Ni #Yolanda,120.5652,tarlac,15.732529999999999,Flawless1127,,'398765214511816704',1383879210.0,"['napoles', 'sinusundo', 'kana', 'yolanda']",Singapore
,-28800.0,tl,Ang kagandahan mo parang si NAPOLES...............Hindi ko alam,121.09557269999999,edsn-flmng,14.596191399999999,uhlayssamae,,'398765280681156608',1383879226.0,"['ang', 'kagandahan', 'parang', 'napoles', 'hindi', 'alam']",Pacific Time (US & Canada)
,28800.0,tl,"Yolanda, pakitangay na rin si Napoles papuntang China!",120.59115609999999,Philippines,16.3826316,NEViebabes,,'398767028682502144',1383879643.0,"['yolanda', 'pakitangay', 'rin', 'napoles', 'papuntang', 'china']",Beijing
,28800.0,tl,Gusto ko yung Napoles-zoned... haha,120.29142920000001,Pearl of the Orient Seas,14.849565,vincentasis,,'398769104963645441',1383880138.0,"['gusto', 'yung', 'napoles', 'zoned', 'haha']",Hong Kong
,-25200.0,tl,Guys sabi ni yolanda kailangan daw ng alay na Baboy bago sya umalis!! Ialay si Napoles!!!!!!!!!!!,120.7037165,Philippines,13.920144800000001,PantojaJames,,'398769569105321985',1383880248.0,"['guy', 'sabi', 'yolanda', 'kailangan', 'daw', 'alay', 'baboy', 'bago', 'sya', 'umalis', 'ialay', 'napoles']",Arizona
,-28800.0,tl,Pero si Napoles talaga ang malupet. Hahaha hindi daw alam e sya ang nagutos.  MAY KILALA AKONG GANUN XD HAHAHAHA.,6.14271211,"Geneve, Switzerland",46.19560323,jugule28,,'398769695073255424',1383880278.0,"['pero', 'napoles', 'talaga', 'ang', 'malupet', 'hahaha', 'hindi', 'daw', 'alam', 'sya', 'ang', 'nagutos', 'kilala', 'akong', 'ganun', 'hahahaha']",Pacific Time (US & Canada)
,-28800.0,tl,@VitugKersh @savinggrace_09 kamaganak tya galang i Napoles? ahah,120.59552603,Pampanga,14.94929236,sioPAUpao,,'398770821788729344',1383880547.0,"['kamaganak', 'tya', 'galang', 'napoles', 'ahah']",Pacific Time (US & Canada)
,-25200.0,tl,"Hindi ka si Napoles. Kaya pag tinanong kita, di ko tatanggapin ang sagot mong, "" Hindi ko alam.""",120.99884805,Republic of the Philippines ,14.55875584,HllryBrnsl,,'398770926067519488',1383880572.0,"['hindi', 'napoles', 'kaya', 'pag', 'tinanong', 'kita', 'tatanggapin', 'ang', 'sagot', 'mong', 'hindi', 'alam']",Mountain Time (US & Canada)
,28800.0,en,"@HecklerForever: in case you missed: (u have to scroll down) Updated! ""GRILLED PORK"" (Janet Napoles's Senate shocker) http://t.co/duDRML0cPL",121.0501233,Philippines,14.604076199999998,dodong_ger,,'398771397196906496',1383880684.0,"['case', 'miss', 'scroll', 'update', 'grilled', 'pork', 'janet', 'napoles', 'senate', 'shocker', 'http://t.co/dudrml0cpl']",Singapore
,-28800.0,tl,"Famous Lines ni Napoles..                     *Hindi ko po alam :""&gt; *Nakalimutan ko po :""&gt; *I Invoke My Right Against Self-Incrimination :""&gt;",122.39345,Philippines,14.18406,linethbascon,,'398771760314605568',1383880771.0,"['famous', 'lines', 'napoles', '                    ', 'hindi', 'alam', 'nakalimutan', 'invoke', 'right', 'self', 'incrimination']",Pacific Time (US & Canada)
,28800.0,tl,@ApleCudia napoles? Hahahahaha,120.5957522,"Pampanga, Philippines",15.1429103,EljeiPortin,,'398772326231052288',1383880906.0,"['napole', 'hahahahaha']",Beijing
,-25200.0,tl,Yolanda tumatanggap ka ba ng panget? Iyo na si Napoles!,120.70272659999998,Philippines,13.918590900000002,PantojaJames,,'398772527981268992',1383880954.0,"['yolanda', 'tumatanggap', 'panget', 'iyo', 'napoles']",Arizona
,28800.0,tl,Kung lumalaki lng ang ilong ng isang tao kapag nagsisinungaling malamang malaki pa sa pakwan yung kay Napoles. XD,121.32080729999998,"Laguna, Philippines",14.0699098,airamnimsahj,,'398772642619981824',1383880981.0,"['kung', 'lumalaki', 'lng', 'ang', 'ilong', 'isang', 'tao', 'kapag', 'nagsisinungaling', 'malamang', 'malaki', 'pakwan', 'yung', 'kay', 'napoles']",Beijing
,-28800.0,tl,Si Napoles hindi daw nya alam e sya mismo ang gumawa. Tawa tayo! :)MAY KILALA AKONG GANUN.,6.14265612,"Geneve, Switzerland",46.19563851,jugule28,,'398774394908315648',1383881399.0,"['napoles', 'hindi', 'daw', 'nya', 'alam', 'sya', 'mismo', 'ang', 'gumawa', 'tawa', 'tayo', 'kilala', 'akong', 'ganun']",Pacific Time (US & Canada)
,-32400.0,tl,Napoles sumama ka na kay Yolanda,121.40910148,Laguna  ,14.27834782,nickolederamos,,'398775357748174849',1383881628.0,"['napoles', 'sumama', 'kay', 'yolanda']",Alaska
,28800.0,tl,"""@UnliTeenQuotes: Mahal mo ba ako?May pag-asa ba ako?So tayo na ba? Napoles : ""Di ko po alam""#NAPOLESZONED""",120.97582309999999,Wonderland,14.4589202,Gaiiily,,'398775536190627841',1383881671.0,"['mahal', 'ako?may', 'pag', 'asa', 'ako?so', 'tayo', 'napole', 'alam""#napoleszoned']",Beijing
,7200.0,tl,LOL NAPOLES http://t.co/FL9Wr1Iw0Z,120.598596,"Tarlac, Philippines",15.4086081,sseyisthename,,'398775925166194689',1383881764.0,"['lol', 'napoles', 'http://t.co/fl9wr1iw0z']",Athens
,28800.0,en,BASHA vs NAPOLES [pic]  https://t.co/SZVFPmI9MG,121.02108,"Makati, Philippines",14.55073,engraldrin,,'398776861330661376',1383881987.0,"['basha', 'napoles', 'pic', 'https://t.co/szvfpmi9mg']",Singapore
,28800.0,tl,Sarado na daw ang Empire dahil kay Napoles? haha Lipat na kayo sa AIMGlobal! :))),121.03828419999999,"New York, NY",14.66483107,iAmALLAN03,,'398777229011722240',1383882074.0,"['sarado', 'daw', 'ang', 'empire', 'dahil', 'kay', 'napoles', 'haha', 'lipat', 'kayo', 'aimglobal']",Hong Kong
,28800.0,en,"Come on, no amount cajoling from Senate would make Napoles say anything of worth. She didn't get THAT rich by being stupid. Tuso yan!",121.08489021,Pasig,14.57794479,Joy_Alberto,,'398777328664186881',1383882098.0,"['come', 'cajole', 'senate', 'napoles', 'worth', 'not', 'rich', 'stupid', 'tuso', 'yan']",Hong Kong
,-25200.0,tl,Tuwang tuwa na naman si Napoles. Natabunan na ng Bagyo yung issue sakanya!,121.10475,,14.609770000000001,jeanoropesa,,'398777506892763136',1383882141.0,"['tuwang', 'tuwa', 'naman', 'napoles', 'natabunan', 'bagyo', 'yung', 'issue', 'sakanya']",Arizona
,-32400.0,tl,@beayuutifulsoul ou nga eh. Madudulas na si napoles. Haha,118.75005319,Philippines,9.76201454,JBalmonte13,,'398777672441929728',1383882180.0,"['nga', 'madudula', 'napole', 'haha']",Alaska
,28800.0,tl,Sana lahat tayo katulad ni #Napoles ...Bigla na lang yayaman ng HINDI NATINALAM. #WTF,120.86643899999999,||shenanigan stereotype||,14.84132148,imjeromereyes,,'398777894219960320',1383882233.0,"['sana', 'lahat', 'tayo', 'katulad', 'napoles', 'bigla', 'lang', 'yayaman', 'hindi', 'natinalam', 'wtf']",Kuala Lumpur
,28800.0,tl,Dahil daw kay Napoles kaya may bagyo? Hahaha,121.06126259,Bronx NYC. Boogie Down Mnl PH.,14.70966889,absolutelyseth,,'398778013560475648',1383882262.0,"['dahil', 'daw', 'kay', 'napoles', 'kaya', 'bagyo', 'hahaha']",Kuala Lumpur
,28800.0,tl,Kahapon Napoles. Ngayon Yolanda.,121.08807639999999,"Pasig, Philippines",14.610259099999999,Kitsune003,,'398778223636393984',1383882312.0,"['kahapon', 'napoles', 'ngayon', 'yolanda']",Beijing
,28800.0,tl,@BagyongYoIanda: Wag kayong mag-alala isasama ko si napoles. promise yan ah!,121.02108385,,14.59739951,gracia_gracia,,'398778273976442882',1383882324.0,"['wag', 'kayong', 'mag', 'alala', 'isasama', 'napole', 'promise', 'yan']",Singapore
,-32400.0,tl,Na Napoles ka na ba ?!,120.8642845, 2  &  ,15.3156121,xtinejoiceortiz,,'398779308312772608',1383882570.0,['napoles'],Alaska
,28800.0,tl,@butterbaby uy ang funny nung napoles zone ni cher lou! ,121.02108571,,14.59683928,gracia_gracia,,'398779510268497920',1383882618.0,"['ang', 'funny', 'nung', 'napole', 'zone', 'cher', 'lou']",Singapore
,28800.0,tl,Bakit hindi na lang si Napoles ang tangayin ng hangin? Pffffft. #sorrynotsorry,120.9980521,Philippines,14.5499255,aybheeeng,,'398780531925475330',1383882862.0,"['bakit', 'hindi', 'lang', 'napoles', 'ang', 'tangayin', 'hangin', 'pffffft', 'sorrynotsorry']",Singapore
,-28800.0,tl,@BagyongYoIanda: Wag kayong mag-alala isasama ko si napoles.,123.17894907,"Naga City, Philippines",13.59448376,cjtena,,'398781003566571520',1383882974.0,"['wag', 'kayong', 'mag', 'alala', 'isasama', 'napole']",Pacific Time (US & Canada)
,,tl,Pangarap kong maging mayaman katulad mo pero di ko pangarap gawin kung pano mo nakuha yung mga yaman mo :D #Napoles,121.0870864,bian laguna,14.3391605,Amazingreenabey,,'398781856897695744',1383883178.0,"['pangarap', 'kong', 'mag', 'mayaman', 'katulad', 'pero', 'pangarap', 'gawin', 'kung', 'pano', 'nakuha', 'yung', 'mga', 'yaman', 'napoles']",
,28800.0,tl,@KarishaWong lel. Nag-napoles bigla amp,121.1141539,Philippines,14.6199666,_ramedz,,'398782005015359488',1383883213.0,"['lel', 'nag', 'napole', 'bigla', 'amp']",Singapore
,-25200.0,tl,Napagtripan ko si Fredjun. HAHAHHAA. Napoles-Zoned,120.81775173,Camp Half Blood,14.82889244,Prslyn,,'398782053820276736',1383883225.0,"['napagtripan', 'fredjun', 'hahahhaa', 'napoles', 'zoned']",Arizona
,28800.0,tl,"Ready Sing! Wag mo ng itanong sa akin, hindi ko rin naman sasabihin. -Napoles",-118.210755,shin  lg.v2,34.02093,rodelyntsuix,,'398782110149791745',1383883238.0,"['ready', 'sing', 'wag', 'itanong', 'akin', 'hindi', 'rin', 'naman', 'sasabihin', '-napole']",Singapore
,-32400.0,en,I invoke my right - Napoles,121.5541093,BLR,15.756035199999998,CheeckyTricia,,'398782571632283648',1383883348.0,"['invoke', 'right', 'napoles']",Alaska
,-32400.0,tl,"@rerereyselle napoles to, promise! Hahahahahaha",125.81943909999998,Philippines,7.4599787,shairamaeee,,'398782869096501249',1383883419.0,"['napole', 'promise', 'hahahahahaha']",Alaska
,-32400.0,id,"""@jokesatibapa: Bagyo: Yolanda Napoles :Yoliar Flirt: Yolandi""",121.5541093,BLR,15.756035199999998,CheeckyTricia,,'398783120914128896',1383883479.0,"['bagyo', 'yolanda', 'napoles', 'yoliar', 'flirt', 'yolandi']",Alaska
,-28800.0,tl,Pag napapag-uusapan yang pork barrel na yan natatawa na lang ako. Hahahaha! #YMMemories,120.96408924,"Manila, Philippines",14.60414244,edward_jr_noda,,'398783628231974912',1383883600.0,"['pag', 'napapag', 'uusapan', 'yang', 'pork', 'barrel', 'yan', 'natatawa', 'lang', 'ako', 'hahahaha', 'ymmemorie']",Pacific Time (US & Canada)
,28800.0,tl,Grabe ang lakas ng hangin. Sana naman liparin na si napoles.,120.98914586,Molino Bacoor Cavite,14.38707155,TsinELIAS,,'398783772125954050',1383883634.0,"['grabe', 'ang', 'lakas', 'hangin', 'sana', 'naman', 'liparin', 'napole']",Perth
,-32400.0,tl,@HaiyanYolanda: Si napoles lang sinadya ko dito.,120.98774433,Earth ,14.73908624,itsbiellaa,,'398784729433911296',1383883863.0,"['napole', 'lang', 'sinadya', 'dito']",Alaska
,28800.0,tl,"Tongue enuh, napansin ko lang, walang balita sa TV patrol knina abt kay napoles.",120.98919215,Molino Bacoor Cavite,14.38710197,TsinELIAS,,'398785265159794689',1383883990.0,"['tongue', 'enuh', 'napansin', 'lang', 'walang', 'balita', 'patrol', 'knina', 'abt', 'kay', 'napole']",Perth
,10800.0,tl,Pg my nag tanung kung sang bndaAng lucban. Wag nyo replayan c yolanda yn. Yung kai napoles ang ituru nyo para makabawi tayo. Hahahahaha,121.5525447,,14.1167693,lolly_pat18,,'398787319580196864',1383884480.0,"['nag', 'tanung', 'kung', 'sing', 'bndaang', 'lucban', 'wag', 'nyo', 'replayan', 'yolanda', 'yung', 'kai', 'napole', 'ang', 'ituru', 'nyo', 'para', 'makabawi', 'tayo', 'hahahahaha']",Baghdad
,-39600.0,en,Ms Supranational 2013- PhilippinesMs world 2013 - Philippines PorkBarrel queen 2013- Philippines   https://t.co/igBJlYQr1D,121.04952,In your dreams  FORTBONIFACIO,14.53004,justmeDennis,,'398787692252516352',1383884569.0,"['supranational', '2013-', 'philippinesms', 'world', 'philippines', 'porkbarrel', 'queen', '2013-', 'philippine', 'https://t.co/igbjlyqr1d']",International Date Line West
,,tl,isinusuko na namin si #Napoles alis kana #Yolanda pls!!! XD,121.192408,Philippines :),14.471582699999999,EllMalibiran,,'398788965659971587',1383884873.0,"['isinusuko', 'namin', 'napoles', 'ali', 'kana', 'yolanda', 'pls']",
,-36000.0,tl,"""@News5E: Napoles: ""Hindi po ako mayaman. Tama lang po sa buhay."" WATCH: http://t.co/w3bq3WHaaP #PorkProbe @TV5manila http://t.co/BCfeSaQx0x",120.9692294,Valenzuela City,14.6848945,BabyGirLMo21,,'398789036032004096',1383884889.0,"['napole', 'hindi', 'ako', 'mayaman', 'tama', 'lang', 'buhay', 'watch', 'http://t.co/w3bq3whaap', 'porkprobe', 'http://t.co/bcfesaqx0x']",Hawaii
,,en,Watching Napoles' hearing! Grrrr it makrs me want to grill her!!!!!,10.602185,"Oslo, Norway",59.9078374,reimyrose,,'398790036768161792',1383885128.0,"['watch', 'napoles', 'hearing', 'grrrr', 'makr', 'want', 'grill']",
,-28800.0,tl,"Napanood ko nga pala yung kay Napoles kahapon. Puro sya ""I invoke my right to self incrimination"" -.- anu kaya yun",120.89630128,,14.81986719,johndaveGO,,'398790137481420801',1383885152.0,"['napanood', 'nga', 'pala', 'yung', 'kay', 'napoles', 'kahapon', 'puro', 'sya', 'invoke', 'right', 'self', 'incrimination', 'anu', 'kaya', 'yun']",Pacific Time (US & Canada)
,28800.0,tl,gumagamit ka siguro ng napoles cream noh?! tang-ina! ang kapal ng mukha mo eh!,121.00047079999999,"Quezon City, Philippines",14.65418987,ayemPong,,'398790668241223680',1383885279.0,"['gumagamit', 'siguro', 'napole', 'cream', 'noh', 'tang', 'ina', 'ang', 'kapal', 'mukha']",Beijing
,-18000.0,tl,Si Napoles lang sinadya ko dito -Bagyong Yolanda ,121.00023264,,14.61272212,supchaad,,'398791031174340610',1383885365.0,"['napoles', 'lang', 'sinadya', 'dito', '-bagyong', 'yolanda']",Eastern Time (US & Canada)
,28800.0,tl,"Oh Yolanda! Inaalay namin sayo si Napoles, tumigil ka lang!",121.00158,"Bacolod City, Philippines",14.569870000000002,MJDiaz21,,'398791066775605248',1383885374.0,"['yolanda', 'inaalay', 'namin', 'sayo', 'napoles', 'tumigil', 'lang']",Beijing
,-28800.0,tl,@nathan_yell mayaman din ang bir at ang napoles #iinovokemyright,120.99301126,Mahal Kong Maynila,14.58924129,darylbaes,,'398791402538024962',1383885454.0,"['mayaman', 'din', 'ang', 'bir', 'ang', 'napole', 'iinovokemyright']",Pacific Time (US & Canada)
,-32400.0,tl,@hindiakosipedro: Blue nga naman kasi talaga. Hindi naman yan katulad ni Napoles hehe. #Honesto,120.92905103,banda rito.,14.44485423,infiniLiyaah,,'398791744403156992',1383885535.0,"['blue', 'nga', 'naman', 'kasi', 'talaga', 'hindi', 'naman', 'yan', 'katulad', 'napoles', 'hehe', 'honesto']",Alaska
,28800.0,en,"BTS of what was an eventful Nov. 7, 2013. #Napoles #SenateOfThePhilippines #PDAFProbe @ Senate of the http://t.co/2ivwDcHBcw",120.98340579,1432N 12109E,14.54633936,rmbola,,'398793114779152385',1383885862.0,"['bts', 'eventful', 'nov.', 'napole', 'senateofthephilippine', 'pdafprobe', 'senate', 'http://t.co/2ivwdchbcw']",Taipei
,28800.0,tl,Yolanda pag umalis ka ng PAR siguraduhin mong isasama mo si Napoles nakoo!,121.1897533,"Calumpang,Binangonan,Rizal",14.473064800000001,swaggerhereJM,,'398793483760050176',1383885950.0,"['yolanda', 'pag', 'umalis', 'par', 'siguraduhin', 'mong', 'isasama', 'napoles', 'nakoo']",Beijing
,-32400.0,tl,@MgaPatama: HAHAHAHAHAHAHA :D http://t.co/15wfFZjvvK gago talaga to si Napoles kung makatawa,121.00466412,"Legazpi City, Philippines",14.56272893,iameveallen,,'398793617533202432',1383885982.0,"['hahahahahahaha', 'http://t.co/15wffzjvvk', 'gago', 'talaga', 'napoles', 'kung', 'makatawa']",Alaska
,-25200.0,en,"""@rapplerdotcom: Miriam to Napoles: Tell all before senators kill you http://t.co/qUl6NtXuVQ""",121.10686000000001,,14.607879999999998,jeanoropesa,,'398793931124514816',1383886057.0,"['miriam', 'napoles', 'tell', 'senator', 'kill', 'http://t.co/qul6ntxuvq']",Arizona
,28800.0,tl,Yolanda kunin mo na si Napoles. Mayaman yan!,121.1027301,Santa Rosa Laguna,14.295655100000001,ohshizitskim,,'398794587407282177',1383886213.0,"['yolanda', 'kunin', 'napoles', 'mayaman', 'yan']",Beijing
,-32400.0,tl,@BagyongYoIanda: Wag kayong mag-alala isasama ko si napoles. yes pls,121.00466412,"Legazpi City, Philippines",14.56272893,iameveallen,,'398794601906974720',1383886217.0,"['wag', 'kayong', 'mag', 'alala', 'isasama', 'napol', 'yes', 'pls']",Alaska
,-32400.0,tl,Wag sana matangay mga bahay ng mga taga visayas sana si napoles na lang =)) #badgirl #wagganon,120.97802240000001,MNL ,14.416635399999999,BeaaBiancaa,,'398795178464399360',1383886354.0,"['wag', 'sana', 'matangay', 'mga', 'bahay', 'mga', 'taga', 'visayas', 'sana', 'napole', 'lang', 'badgirl', 'wagganon']",Alaska
,-28800.0,tl,"""@BagyongYoIanda: Di ako maka alis di ko mahanap si napoles."" Ohmyhod",121.0420132,,14.556270699999999,8trxcks,,'398796499665965056',1383886669.0,"['ako', 'maka', 'alis', 'mahanap', 'napole', 'ohmyhod']",Pacific Time (US & Canada)
,28800.0,tl,@StrongKane17 my god! Hahahah! Na-napoles? Demet!!!!!,121.05246000000001,MNL PH,14.578529999999999,maanbolito,,'398797495616040960',1383886906.0,"['god', 'hahahah', 'napole', 'demet']",Singapore
,28800.0,en,"""@HecklerForever: The most annoying thing about Janet Lim-Napoles after yesterday's hearing? She was still breathing.""",-122.640102,"In a galaxy far, far away... ",45.368707,kvgkills,,'398797573688815616',1383886925.0,"['annoying', 'thing', 'janet', 'lim', 'napoles', 'yesterday', 'hearing', 'breathe']",Hong Kong
,-28800.0,tl,"Dear Yolanda, handa po kaming ibigay sa inyo si Napoles, kaysa naman sa mga taong mahihirap na ay mag hihirap pa :(",125.57407387,"Philippines, Davao City",7.16335402,despicableOWVEE,,'398797805260505089',1383886980.0,"['dear', 'yolanda', 'handa', 'kam', 'ibigay', 'inyo', 'napoles', 'kaysa', 'naman', 'mga', 'taong', 'mahihirap', 'mag', 'hihirap']",Pacific Time (US & Canada)
,28800.0,tl,"""@BagyongYoIanda: Di ako maka alis di ko mahanap si napoles."" Pakitanggay. ~~",121.01241090000002,"Caloocan City, Philippines ",14.737078099999998,aiseukeulim,,'398797998655676416',1383887026.0,"['ako', 'maka', 'alis', 'mahanap', 'napole', 'pakitanggay']",Hong Kong
,-36000.0,tl,"@BagyongYoIanda: Babe Napoles, asan kana?  OMG. ",120.92368774,amadeo Cavite:),14.17225952,ahleksKiss,,'398798699804905473',1383887194.0,"['babe', 'napoles', 'asan', 'kana', 'omg']",Hawaii
,39600.0,en,Please stay safe everyone.  Can we just offer Napoles to Yolanda? Huhu.,125.14166589999999,"General Santos City, PH",6.1134739,OhShtJaerah,,'398798766213328896',1383887209.0,"['stay', 'safe', 'offer', 'napoles', 'yolanda', 'huhu']",New Caledonia
,28800.0,tl,"""@BagyongYoIanda: Wag kayong mag-alala isasama ko si napoles."" - Goooooo!",121.1261103,Philippines,14.609103099999999,iamjemzie,,'398799429634777089',1383887368.0,"['wag', 'kayong', 'mag', 'alala', 'isasama', 'napole', 'goooooo']",Singapore
,-28800.0,en,Genghis Khan killed 10% of the world's population. (40 Million of 400 Million). Napoles!Summoning Technique!Genghis Khan!,121.12257,Nimbelheim,14.603420000000002,jevbelardo,,'398800331494006784',1383887583.0,"['genghis', 'khan', 'kill', '10%', 'world', 'population', 'million', 'million', 'napoles!summon', 'technique!genghis', 'khan']",Pacific Time (US & Canada)
,,en,I'm at Napoles Pizzaria http://t.co/iAfvdmiyiz,-35.29917644,,-8.12346482,Maikon1996,,'398800599070040064',1383887646.0,"['napoles', 'pizzaria', 'http://t.co/iafvdmiyiz']",
,28800.0,en,@justinbolus pork barrel,120.59358922,Republic of the Philippines,15.14587497,RalphZoleta,,'398800708633239552',1383887672.0,"['pork', 'barrel']",Hong Kong
,28800.0,tl,weh? Napoles di nga?Honesto? Promise?!!! XD http://t.co/vPiExSyfPD,-90.163247,Republic of the Philippines :),35.8854435,Chengga,,'398801554309804032',1383887874.0,"['weh', 'napole', 'nga?honesto', 'promise', 'http://t.co/vpiexsyfpd']",Beijing
,28800.0,en,@emzeyohan: @akoanya I invoke my right against self-incrimination po! :D Napoles lang? Hahaha! Yawa ka bes,125.57564124,Davao City,7.06298321,akoanya,,'398804519644958720',1383888581.0,"['invoke', 'right', 'self', 'incrimination', 'napole', 'lang', 'hahaha', 'yawa', 'bes']",Hong Kong
,28800.0,tl,Grabe ang lakas ng hangin tang ina kasi ni napoles,120.98915424,Molino Bacoor Cavite,14.38707929,TsinELIAS,,'398804895840477185',1383888671.0,"['grabe', 'ang', 'lakas', 'hangin', 'tang', 'ina', 'kasi', 'napole']",Perth
,-32400.0,tl,yung hangin parang si napoles nangnanakaw ng mabilis na internet connection hahahahahaha k,121.33543396,0/4 0/5,14.06886578,fervidharry,,'398805539557109762',1383888824.0,"['yung', 'hangin', 'parang', 'napole', 'nangnanakaw', 'mabilis', 'internet', 'connection', 'hahahahahaha']",Alaska
,28800.0,tl,Sana pinaharang natin kay Napoles ang bagyo. Tutal makapal naman mukha nya,120.85708007,"Cavite, Philippines",14.3914949,krishyness,,'398805865664217089',1383888902.0,"['sana', 'pinaharang', 'natin', 'kay', 'napoles', 'ang', 'bagyo', 'tutal', 'makapal', 'naman', 'mukha', 'nya']",Singapore
,28800.0,tl,122 times daw nagsabi si Napoles ng 'Hindi ko alam/I invoke my right.../Hindi ko matandaan'. Ang tiyaga na nagbilang.,125.57479244,DVO x CEB,7.05909239,pisTASHAnut,,'398805957431418882',1383888924.0,"['time', 'daw', 'nagsabi', 'napoles', 'hindi', 'alam', 'invoke', 'right', '/hindi', 'matandaan', 'ang', 'tiyaga', 'nagbilang']",Beijing
,28800.0,tl,"""Anak, Ang taray ng kilay ni Napoles, kasing taas ng Roof Top. Tinalo pa ang kilay ng INA NYO. Paki-explain! Labyou!""",121.0123102,RACK CITY.NEWYORK CITY,14.4606065,KYL_DV,,'398806216723296256',1383888986.0,"['anak', 'ang', 'taray', 'kilay', 'napoles', 'kas', 'taas', 'roof', 'tinalo', 'ang', 'kilay', 'ina', 'nyo', 'paki', 'explain', 'labyou']",Beijing
,28800.0,tl,"Anak Napoles wala ka bang Panty? Napoles : Hindi ko po alam."" Hahahahahahahhahahahah!",121.01231090000002,RACK CITY.NEWYORK CITY,14.4606062,KYL_DV,,'398806384126341120',1383889026.0,"['anak', 'napoles', 'wala', 'bang', 'panty', 'napole', 'hindi', 'alam', 'hahahahahahahhahahahah']",Beijing
,28800.0,tl,"""Anak, Napoles bukod sa hindi mo alam, ano pang alam mo? Paki explain! Labyu!""",121.0123112,RACK CITY.NEWYORK CITY,14.4606082,KYL_DV,,'398806455349829632',1383889043.0,"['anak', 'napoles', 'bukod', 'hindi', 'alam', 'ano', 'pang', 'alam', 'paki', 'explain', 'labyu']",Beijing
,-36000.0,tl,Kulit talaga ni papa jack at chicco loco.. Usapang Sen.Miriam at Napoles,137.99624978,Bicol ,35.97660501,iTsMeEloisaP,,'398806464350785536',1383889045.0,"['kulit', 'talaga', 'papa', 'jack', 'chicco', 'loco', 'usapang', 'sen', 'miriam', 'napoles']",Hawaii
,28800.0,tl,"""Anak, Si Napoles ka ba? Kasi parang hindi mo alam na mahal kita eh. Labyu!""",121.0123108,RACK CITY.NEWYORK CITY,14.4606062,KYL_DV,,'398806693129105408',1383889099.0,"['anak', 'napoles', 'kasi', 'parang', 'hindi', 'alam', 'mahal', 'kita', 'labyu']",Beijing
,28800.0,tl,"Anak. Suko daw si Pinocchio kay Napoles. Di kinaya. Paki-explain! Labyu!  Hahahahaha""",121.0123112,RACK CITY.NEWYORK CITY,14.4606082,KYL_DV,,'398807069555310592',1383889189.0,"['anak', 'suko', 'daw', 'pinocchio', 'kay', 'napoles', 'kinaya', 'paki', 'explain', 'labyu', 'hahahahaha']",Beijing
,-28800.0,tl,@graceillealayon nag napoles BB cream bi ko.,120.97810797,Brooklyn,14.6034794,meeyaaaa,,'398807571856764928',1383889309.0,"['nag', 'napole', 'cream']",Pacific Time (US & Canada)
,-28800.0,tl,Hindi ko po alam! Pakshit ka napoles!! #NapolesZoned,125.61914995,Davao City,7.06869183,DotAdikx,,'398807849574215680',1383889375.0,"['hindi', 'alam', 'pakshit', 'napole', 'napoleszon']",Pacific Time (US & Canada)
,28800.0,tl,Hndi mawala sa isip ko si napoles. Hahaha. Crush lang?,120.98915065,Molino Bacoor Cavite,14.38708572,TsinELIAS,,'398807882189123584',1383889383.0,"['hndi', 'mawala', 'isip', 'napole', 'hahaha', 'crush', 'lang']",Perth
,-32400.0,en,"Napoles : "" you think you're safe na ? Muahahahahhaa ""Fuck.Told you people!!! She's responsible for this! It's her sacrificial revenge .",122.55792199,Philippines,10.71633122,CateBcbc,,'398808460801761280',1383889521.0,"['napole', 'think', 'safe', 'muahahahahhaa', 'fuck', 'tell', 'people', 'responsible', 'sacrificial', 'revenge']",Alaska
,28800.0,tl,Alam nyu bat kung bakit PNP may hawak kay janeth? Ee kasi naPOLES SYA! HAHAHAHAHAHA ,120.82059147,,14.88833112,Kennnneth14,,'398808589982117889',1383889552.0,"['alam', 'nyu', 'bat', 'kung', 'bakit', 'pnp', 'hawak', 'kay', 'janeth', 'kasi', 'napoles', 'sya', 'hahahahahaha']",Beijing
,,28800.0,,Ang KAGANDAHAN mo ay,,Beijing,,,tl,,,
,-32400.0,tl,Joke lang. Di nako tumitingin ng picture mo. Promise. Tanong mo pa si napoles.,-115.26782512,Last Ve Gust,36.12430213,YAH00D0TC0M,,'398808709054218242',1383889580.0,"['joke', 'lang', 'nako', 'tumitingin', 'picture', 'promise', 'tanong', 'napole']",Alaska
,-32400.0,tl, RT @vicegandako: ViceGanda: I want Napoles on GGV! Ma'amCharo: No! Mas bagay sya sa Maalaala Mo Kaya!,120.99592088,MNL PHL,14.57713751,itsnicolecelis,,'398809131173171202',1383889681.0,"['viceganda', 'want', 'napoles', 'ggv', ""ma'amcharo"", 'mas', 'bagay', 'sya', 'maalaala', 'kaya']",Alaska
,28800.0,tl,"Fre,Para kang si Napoles, napakasinungaling mo.""",121.0123105,RACK CITY.NEWYORK CITY,14.4606065,KYL_DV,,'398809455187329024',1383889758.0,"['fre', 'para', 'kang', 'napoles', 'napakasinungal']",Beijing
,28800.0,tl,"Estudyante: ""may pasok po ba bukas?"" Napoles: ""hindi ko po alam"" &gt;.&lt;",121.00807569999999,Pasay City,14.54576231,enilk09,,'398809534774251520',1383889777.0,"['estudyante', 'pasok', 'bukas', 'napole', 'hindi', 'alam', 'gt;.&lt']",Taipei
,,es,El cuadro de copa da risa!un lado de pachangas y otro de muerte!riete tu del grupo champons del napoles!jajajajaj,-8.71098597,vigo,42.2378704,Gustavodizferna,,'398810565650690048',1383890023.0,"['cuadro', 'copa', 'risa!un', 'lado', 'pachangas', 'otro', 'muerte!riete', 'del', 'grupo', 'champon', 'del', 'napoles!jajajajaj']",
,28800.0,tl,@YaniiePootiie saba Napoles. Shahaha!!!,125.67792919,Melbourne Australia,7.28746521,JDCainglet,,'398811218393067520',1383890178.0,"['saba', 'napoles', 'shahaha']",Beijing
,,tl,"Andaming galit kay Napoles, pero iilan lang naman yung may alam ng kaso sakanya.",120.99003119999999,Olongapo City,14.60569034,PoloQuincena,,'398812373802172417',1383890454.0,"['andam', 'galit', 'kay', 'napoles', 'pero', 'iilan', 'lang', 'naman', 'yung', 'alam', 'kaso', 'sakanya']",
,28800.0,tl,@supsup010 @ChiliMedley @DOJPH @govph dapat itapon si Napoles kasama ng mga sangkot  sa mata ni Yolanda! #PatrolPork. #YolandaPH,121.02304245,Makati City,14.55825095,iamJohnLBondoc,,'398812406966525952',1383890462.0,"['dapat', 'itapon', 'napoles', 'kasama', 'mga', 'sangkot', 'mata', 'yolanda', 'patrolpork', 'yolandaph']",Singapore
,-25200.0,tl,@arviril goodnight. hahaha mahal ka ni napoles wuv u ,121.1482263,London ,14.669751999999999,laralei_xo,,'398816448002260993',1383891425.0,"['goodnight', 'hahaha', 'mahal', 'napole', 'wuv']",Arizona
,-32400.0,tl,"""Parang pork barrel. Anlaki laki na nawawala pa"" ",120.32347626,"olongapo city , philippines",14.85136958,JazielofGod,,'398818116810969088',1383891823.0,"['parang', 'pork', 'barrel', 'anlaki', 'laki', 'nawawala']",Alaska
,28800.0,tl,"Oo nga naman. Ang laki laki ng ng pork barrel, nawawala pa. Lol. Witty nyo talaga. #bubblegang",120.6244736,"Pampanga, Philippines",15.0042761,KathAmada,,'398818158640775169',1383891833.0,"['nga', 'naman', 'ang', 'laki', 'laki', 'pork', 'barrel', 'nawawala', 'lol', 'witty', 'nyo', 'talaga', 'bubblegang']",Taipei
,-10800.0,en,"Victoria's denial of truth reminds me of Napoles case, full of pretensions! urrgghh #affectedlang #BNLKMNightOfRapeExposed",120.9447263,"Tagaytay City, Phils.",14.35001854,imsogracious,,'398818548627161088',1383891926.0,"['victoria', 'denial', 'truth', 'remind', 'napoles', 'case', 'pretension', 'urrgghh', 'affectedlang', 'bnlkmnightofrapeexpos']",Greenland
,-25200.0,en,"Best excuse ever: ""I invoke my right against self-incrimination."" ... #napoles #dikopoalam XD",120.98932849999998,"Manila, Philippines",14.655885500000002,ladyElle18,,'398818844795342848',1383891996.0,"['best', 'excuse', 'invoke', 'right', 'self', 'incrimination', 'napole', 'dikopoalam']",Arizona
,28800.0,tl,All-Weather Communication System project = Tax ng tao = Kupit unti = Pork barrel -____-,120.985372,Philippines,14.53313463,kerbeanie,,'398818878148448258',1383892004.0,"['weather', 'communication', 'system', 'project', 'tax', 'tao', 'kupit', 'unti', 'pork', 'barrel']",Beijing
,28800.0,tl,"""@BagyongYoIanda: Babe Napoles, asan kana? "" HAHAHHAHAHA.",121.0105335,"Caloocan City, Philippines ",14.738358800000002,aiseukeulim,,'398818934322765824',1383892018.0,"['babe', 'napoles', 'asan', 'kana', 'hahahhahaha']",Hong Kong
,-25200.0,tl,Grabe si Yolanda :'( sana si Napoles na lang kinuha mo :(,120.9960304,Philippines,14.6897473,iamjerchelle,,'398819233376632834',1383892089.0,"['grabe', 'yolanda', 'sana', 'napoles', 'lang', 'kinuha']",Arizona
,28800.0,en,@Inq_Opinion Did you know that #Napoles was Trending Topic for 12 hours?  http://t.co/MxOHml5GkH @inquirerdotnet #trndnl,120.7391,Philippines,15.5931,trendinaliaPI,,'398820064679309312',1383892287.0,"['know', 'napoles', 'trend', 'topic', 'hour', 'http://t.co/mxohml5gkh', 'trndnl']",Perth
,-28800.0,tl,Ka Yolanda sana sa pag alis mo isama mo na po si Napoles. Thanks! Bye :),121.45966021,MNL,14.29381459,elyssaladub_,,'398820183076110336',1383892316.0,"['yolanda', 'sana', 'pag', 'alis', 'isama', 'napoles', 'thank', 'bye']",Pacific Time (US & Canada)
,,tl,Yolanda s gone... Balik ta Kay napoles. Lolzzzz,-123.37768521,,48.44229905,Pitchie4,,'398820331298619392',1383892351.0,"['yolanda', 'balik', 'kay', 'napole', 'lolzzzz']",
,-32400.0,tl,Aurelli and Joan kayo ba si napoles bat di nyo alam na nilandi nyo ko,121.092844,kyumin bed,14.5802967,beaminggg,,'398820445329166336',1383892378.0,"['aurelli', 'joan', 'kayo', 'napoles', 'bat', 'nyo', 'alam', 'nilandi', 'nyo']",Alaska
,28800.0,tl,Naalala ko yung mukha ni Napoles kahapon. Nakakabwiset.,121.04993833,Rooftop ,14.4017941,iamjune17,,'398821764081254400',1383892692.0,"['naalala', 'yung', 'mukha', 'napoles', 'kahapon', 'nakakabwiset']",Beijing
,28800.0,tl,@CjNeverStopssss Napoles. Haha,120.99589442,Manila,14.60648049,lamontano,,'398821901419565056',1383892725.0,"['napole', 'haha']",Singapore
,-32400.0,tl,"Daig pa ni Napoles si Toni sa My Amnesia Girl ah! :""))",121.02619299999999,"Manila,Philippines",14.4771073,Caifeee,,'398822711448698881',1383892918.0,"['daig', 'napoles', 'toni', 'amnesia', 'girl']",Alaska
,,tl,Pag-alis mo Yolanda isama mo na si Napoles!,120.8850764,,14.94709786,cha_chatterbox,,'398823521490460672',1383893111.0,"['pag', 'alis', 'yolanda', 'isama', 'napole']",
,-28800.0,tl,Convo w/ mama :)Me: ma may pera ka ba jan?Mama: di ko po alam.(After 30mins)Mama: ching si papa mo asan?Me: DI KO PO ALAM.NAPOLES LANG,121.00514318,,14.57375062,FranciaCanalita,,'398824049406537728',1383893237.0,"['convo', 'mama', 'pera', 'jan?mama', 'alam.(after', '30mins)mama', 'ching', 'papa', 'asan?me', 'alam.napoles', 'lang']",Pacific Time (US & Canada)
,,en,Bukas Nalang kita Mamahalin is one of the best teleseryes in recent memory simply cuz its very related to current events #Napoles #Justice,120.98468748,,14.59118904,johanaguilar_,,'398824858127056896',1383893430.0,"['bukas', 'nalang', 'kita', 'mamahalin', 'good', 'teleseryes', 'recent', 'memory', 'simply', 'cuz', 'related', 'current', 'event', 'napoles', 'justice']",
,28800.0,tl,"@FireQuinito #NungHulingChampionshipNgGinebra karenderia pa lang negosyo ni Napoles, ngayon PDAF na.",121.05588231,,14.51276271,iamLIMsane,,'398826197963907073',1383893750.0,"['nunghulingchampionshipngginebra', 'karenderia', 'lang', 'negosyo', 'napoles', 'ngayon', 'pdaf']",Beijing
,-32400.0,en,@BagyongYoIanda when u leave take napoles wt you pls,121.00509272,Kitchen,14.60287532,youuknees,,'398826988657315840',1383893938.0,"['leave', 'napole']",Alaska
,7200.0,es,"@josema_chava14 jajaja sii,pero aca en Napoles no hay nieve!",14.3950845,Napoli Italy.,40.7862609,Giovy_Alberino,,'398829035213451264',1383894426.0,"['jajaja', 'sii', 'pero', 'aca', 'napoles', 'hay', 'nieve']",Athens
,28800.0,tl,Game tayo!?Use Napoles in a sentence. XD         Answer: Hindi ko po alam                 Lech...,121.04142208,Pque City,14.46607077,annieoreta,,'398829634730471424',1383894569.0,"['game', 'tayo!?use', 'napoles', 'sentence', '        ', 'answer', 'hindi', 'alam', '                ', 'lech']",Hong Kong
,28800.0,nl,moi and janet lim-napoles.  @ Moonleaf Tea Shop http://t.co/HSg9XQWbAb,121.01553225,"23, Manila & Irrelevant",14.56112627,TheMobsD,,'398830183819796480',1383894700.0,"['moi', 'janet', 'lim', 'napole', 'moonleaf', 'tea', 'shop', 'http://t.co/hsg9xqwbab']",Beijing
,28800.0,tl,Dapat ang pinangalan sa bagyo ngayon Napoles kase namemeste ayyy ,121.04101282,MNL,14.33180745,iraalexie,,'398830601370742784',1383894799.0,"['dapat', 'ang', 'pinangalan', 'bagyo', 'ngayon', 'napoles', 'kase', 'namemeste', 'ayyy']",Singapore
,28800.0,en,Just pray for the phillippines.. And to tita janet napoles to say something friutfull on thursday! GOD BLESS the Philippines.,121.3950918,L'cie Kingdom,14.1098228,undisputed_czar,,'398830827397591040',1383894853.0,"['pray', 'phillippine', 'tita', 'janet', 'napole', 'friutfull', 'thursday', 'god', 'bless', 'philippines']",Taipei
,-25200.0,tl,Yolanda at Napoles Trending . Haha,120.31664540000001,SanFernando|Baguio|Angeles,16.62097076,elyssertmp,,'398831835947335680',1383895094.0,"['yolanda', 'napoles', 'trending', 'haha']",Arizona
,28800.0,et,napoles again http://t.co/ooaUMiSDgP,121.02894917,"travelers, makati ave",14.56338039,denisealvendia,,'398831973411471360',1383895127.0,"['napole', 'http://t.co/ooaumisdgp']",Hong Kong
,-25200.0,sk,#napoles,120.31719597,SanFernando|Baguio|Angeles,16.62645379,elyssertmp,,'398832255243542529',1383895194.0,['napole'],Arizona
,28800.0,tl,"""@HardKowts: TANGNA MAGSAMA KAYO NI NAPOLES PAREHONG WALANG ALAM! PAREHONG SALOT SA LIPUNAN PUNYETA!""",121.01088190000002,,14.576162900000002,dyeselicious,,'398832283479592961',1383895200.0,"['tangna', 'magsama', 'kayo', 'napoles', 'parehong', 'walang', 'alam', 'parehong', 'salot', 'lipunan', 'punyeta']",Beijing
,,tl,@JonarifusJ maeexplain un ni napoles -_-,121.096994,,14.578335999999998,alecz_vivar,,'398833070297473024',1383895388.0,"['maeexplain', 'napole']",
,-25200.0,en,@senmiriam: Final words to #Napoles:Tell the truth before the senators affected will have you assassinated.#PDAFProbe,120.31190636,SanFernando|Baguio|Angeles,16.64699979,elyssertmp,,'398833137058201600',1383895404.0,"['final', 'word', 'napole', 'tell', 'truth', 'senator', 'affect', 'assassinated.#pdafprobe']",Arizona
,-21600.0,es,Viernes  (at Corpotativo Napoles)  https://t.co/mXCxJZvTXH,-99.17517,Mexico City,19.38563,PeluzoVilla,,'398833273750568960',1383895437.0,"['vierne', 'corpotativo', 'napoles', 'https://t.co/mxcxjzvtxh']",Mexico City
,,en,"Dear #Yolanda, go away and bring #Napoles with you. Bye! #SuperTyphoon #Goodnight #Iligan  @ http://t.co/fXEQiAu3Dn",124.24326413,"Brooklyn, New York",8.23280244,genallyAllen,,'398835036084264960',1383895857.0,"['dear', 'yolanda', 'away', 'bring', 'napole', 'bye', 'supertyphoon', 'goodnight', 'iligan', 'http://t.co/fxeqiau3dn']",
,28800.0,tl,"""@callalistaJOY: ""Si Napoles lang talaga sinadya ko"" -Yolanda""",120.59532050000001,Bataan Philippines ,14.458877800000002,ejvillaruel,,'398835297774870528',1383895919.0,"['napoles', 'lang', 'talaga', 'sinadya', '-yolanda']",Beijing
,-28800.0,tl,"""@BagyongYoIanda: Di ako maka alis di ko mahanap si napoles.""Antaray ni Yolanda. May twitter. :)",121.11998,Antipolo City,14.63241,marjannc,,'398838052035907584',1383896576.0,"['ako', 'maka', 'alis', 'mahanap', 'napoles.""antaray', 'yolanda', 'twitter']",Pacific Time (US & Canada)
,-28800.0,tl,"""@Maicostrll: Masydong bobo si napoles para maging mastermind""sobra :(",121.00365,"Brooklyn, New York",14.57195,VincentBoom,,'398841452274253829',1383897386.0,"['masydong', 'bobo', 'napole', 'para', 'mag', 'mastermind""sobra']",Pacific Time (US & Canada)
,-32400.0,tl,hahaha napoles ang peg ni ramj,121.02190559999998,Philippines,14.65996045,karloaqui,,'398841469437374464',1383897391.0,"['hahaha', 'napole', 'ang', 'peg', 'ramj']",Alaska
,28800.0,et,@jnlaevnglsta @AnneEncrncn @LantisEspiritu napoles,121.0626649,beside the moon,14.5277965,giapablo,,'398842714269032448',1383897687.0,['napole'],Singapore
,28800.0,tl,"""Si Napoles ang salarin!!"" Hahahah",-0.3045697,"London,United Kingdom",51.61961419,bangbart,,'398845589439643648',1383898373.0,"['napoles', 'ang', 'salarin', 'hahahah']",Beijing
,28800.0,en,"You see all these destructions, people crying and smiling, and then there are people like Napoles. #sad #YolandaPH",121.02934974,at the fairways...,14.46981748,mchX,,'398851579043786752',1383899801.0,"['destruction', 'people', 'cry', 'smile', 'people', 'like', 'napoles', 'sad', 'yolandaph']",Taipei
,-32400.0,tl,@gelminaa @xamallorca ninang si napoles haahha,121.09976486,The island of misfit toys.,14.63148909,Pachychay,,'398853113387290624',1383900167.0,"['ninang', 'napole', 'haahha']",Alaska
,-21600.0,id,I'm at Bar El Napoles http://t.co/SsBN8oA6Uu,-95.657861,"Tlacotalpan, Ver., Mxico",18.611056,thelma_aa,,'398855884748890112',1383900827.0,"['bar', 'napoles', 'http://t.co/ssbn8oa6uu']",Central Time (US & Canada)
,,tl,"Yolanda pagkuyog mong Napoles kaw, mga hanginon mong duha",123.90673862,,10.30146537,WinsterD,,'398856956187668480',1383901083.0,"['yolanda', 'pagkuyog', 'mong', 'napoles', 'kaw', 'mga', 'hanginon', 'mong', 'duha']",
,28800.0,tl,@zeespri2 @sashaCLA @libroraniaaa @Ayeeeye @ramosmegs @jsprmrtrz Mascot ni napoles.,120.9598813,Winterfell,14.448746599999998,NamVillegas,,'398860272045002752',1383901873.0,"['mascot', 'napole']",Beijing
,,tl,As usual! Hahah @DonyaInaLabyuuu: Anak. Alam kaya ni Napoles na andito na sa Pilipinas si Yolanda? Paki-explain! Labyu!,121.00049772,Quezon City,14.63327823,GDianneM,,'398862104813240320',1383902310.0,"['usual', 'hahah', 'anak', 'alam', 'kaya', 'napoles', 'andito', 'pilipinas', 'yolanda', 'paki', 'explain', 'labyu']",
,,tl,"2014 pork barrel fund, isusuko ng 4 na senador http://t.co/mnoZeIFZlp #patrolpork #GMAnews",123.90928059999999,Cebu ,10.333729199999999,JInferido,,'398872422146777089',1383904770.0,"['pork', 'barrel', 'fund', 'isusuko', 'senador', 'http://t.co/mnozeifzlp', 'patrolpork', 'gmanew']",
,28800.0,tl,Naki-usyoso lang sa #napoles senate hearing #senate #philippines #pasay #lusionangkigol #hayahay http://t.co/7JI8Z3vPIH,120.98321534,"Pasay City, Philippines",14.546202599999999,BatoYesfmManila,,'398882381282942978',1383907145.0,"['naki', 'usyoso', 'lang', 'napole', 'senate', 'hearing', 'senate', 'philippine', 'pasay', 'lusionangkigol', 'hayahay', 'http://t.co/7ji8z3vpih']",Hong Kong
,7200.0,pl,"Napoles, Bolonia.. ?",-3.59796735,Granada,37.18040885,ClaritaFernndez,,'398893180143169536',1383909719.0,"['napole', 'bolonia']",Athens
,,-28800.0,Laguna :),Napoles ilang bilyon nanakaw mo? ,,Pacific Time (US & Canada),,,tl,,,
,,en,@ABSCBNNews Please stop this hullabaloo waste of time and money. We all know that Napoles cannot masterminded this scam.,150.96888573,,-33.89780102,torres_fd,,'398904303252815872',1383912371.0,"['stop', 'hullabaloo', 'waste', 'time', 'money', 'know', 'napoles', 'mastermind', 'scam']",
,-28800.0,en,"Cant get over about Napoles wealth which is ""tama lang"" having 3 houses and 7 cars. If thats the case, we belong to the poorest of the poor.",121.06330723,WEIRD WORLD,14.55232727,_kaTz0ne,,'398928774311317504',1383918206.0,"['not', 'napoles', 'wealth', 'tama', 'lang', 'have', 'house', 'car', 'case', 'belong', 'poor', 'poor']",Pacific Time (US & Canada)
,28800.0,tl,"Dear Yolanda, Pakisama na lang si Napoles sa pagbyahe mo. Salamat.",121.05506480000001,Makati City,14.5461789,miaatoootss,,'398943959621185536',1383921826.0,"['dear', 'yolanda', 'pakisama', 'lang', 'napoles', 'pagbyahe', 'salamat']",Beijing
,-21600.0,es,"Que emocin, ms que excelente mi junta  me siento feliz. (at Corpotativo Napoles)  https://t.co/AMRtzzj3Wo",-99.17528,Mexico City,19.388379999999998,PeluzoVilla,,'398953012762140672',1383923985.0,"['que', 'emocin', 'que', 'excelente', 'junta', 'siento', 'feliz', 'corpotativo', 'napoles', 'https://t.co/amrtzzj3wo']",Mexico City
,-32400.0,tl,"@TagalogQuotes: Dear Napoles, paulit-ulit nalang yung linya mong ""I invoke my right..."" pwede LEFT naman?",121.41460179999999,"Sta Cruz, Laguna",14.28426156,MARZmallow01,,'398955624655900672',1383924607.0,"['dear', 'napoles', 'paulit', 'ulit', 'nalang', 'yung', 'linya', 'mong', 'invoke', 'right', 'pwede', 'leave', 'naman']",Alaska
,,tl,Sana lahat tayo katulad ni NapolesYubg tipong Bigla nalang tayong yayaman ng HINDI NATIN ALAM.,121.0320621,"MNL, PHL",14.688437599999999,fibim08,,'398958597758926849',1383925316.0,"['sana', 'lahat', 'tayo', 'katulad', 'napolesyubg', 'tipong', 'bigla', 'nalang', 'tayong', 'yayaman', 'hindi', 'natin', 'alam']",
,,tl,"@ABSCBNNews Theres an of element of truth on this,d opposition is well know,estrada,enrile,revilla,t cojuangco,honasan and napoles",-115.23834699999999,,36.2328985,Sheepdog1998,,'398969592220897282',1383927937.0,"['element', 'truth', 'opposition', 'know', 'estrada', 'enrile', 'revilla', 'cojuangco', 'honasan', 'napole']",
,28800.0,tl,Wala na si Yolanda? Oh may naiwan siya si Napoles.,121.1896697,"Calumpang,Binangonan,Rizal",14.4731995,swaggerhereJM,,'398970935853592577',1383928258.0,"['wala', 'yolanda', 'naiwan', 'siya', 'napoles']",Beijing
,-32400.0,tl,"Ang KAGANDAHAN mo parang sagot ni Napoles, HINDI KO ALAM!",121.14486219999999,"Manila, Philippines",14.5829582,OhMJeee,,'398976487748927489',1383929581.0,"['ang', 'kagandahan', 'parang', 'sagot', 'napoles', 'hindi', 'alam']",Alaska
,28800.0,tl,Napoles zoned. \m/ HAHAHAHAHAHAHAHH,120.50069760000001,Jys's ,14.9824888,efrmrsbgyn,,'398978625472450560',1383930091.0,"['napoles', 'zone', '\\m/', 'hahahahahahahahh']",Beijing
,-16200.0,sk,La Ma Sorella di Italia Ti Voglio Bene zim0na  jeheje #napoli #naples #napoles #italia #italy #bff http://t.co/NMJLngeXAT,14.20610946,,40.81478869,Sashys7,,'398979110003032064',1383930207.0,"['sorella', 'italia', 'voglio', 'bene', 'zim0na', 'jeheje', 'napoli', 'naple', 'napole', 'italia', 'italy', 'bff', 'http://t.co/nmjlngexat']",Caracas
,-7200.0,tl,"I'm at Napoles Software (Garanhuns, Pernambuco) http://t.co/UQX7vNRXtN",-36.47714322,Garanhuns - PE,-8.88432351,Manoelgjr,,'398981099399155713',1383930681.0,"['napoles', 'software', 'garanhuns', 'pernambuco', 'http://t.co/uqx7vnrxtn']",Brasilia
,,en,Yolanda and Napoles. Two chaotic bitches. lol,121.14867920000002,weed G,14.540992800000001,krisyopanda,,'398981993804750848',1383930894.0,"['yolanda', 'napoles', 'chaotic', 'bitch', 'lol']",
,3600.0,en,"Self-centered, heartless bitch. #Napoles",12.07297143,,55.86581641,ShanIngemann,,'398983356509343744',1383931219.0,"['self', 'center', 'heartless', 'bitch', 'napole']",Copenhagen
,28800.0,tl,"Cguro kung sa Cavite nangyari itong si #YolandaPH, kawawa mga tao. Di malalapitan si Cong. Lani.#PorkBarrel",-122.29171263,Pilipinas,37.84538704,PilosopoTasy0,,'398983492618309632',1383931252.0,"['cguro', 'kung', 'cavite', 'nangyari', 'itong', 'yolandaph', 'kawawa', 'mga', 'tao', 'malalapitan', 'cong', 'lani.#porkbarrel']",Singapore
,,tl,"@CallMeDonyaIna: Anak, si Yolanda nasa labas, hinahanap ka niya. Papapasukin ko ba? Labyu""Hindi ko alm""#napoles",120.91735343,caloocan city,14.31896273,chartinimanuel,,'398984216072835073',1383931424.0,"['anak', 'yolanda', 'nasa', 'labas', 'hinahanap', 'niya', 'papapasukin', 'labyu""hindi', 'alm""#napoles']",
,-25200.0,tl,@DonyaInaLabyuuu: Saan na daw si Yolanda ngayon?Sabing papunta na daw ni Napoles!,123.95375511,,10.28815794,me_geri,,'398985635488227328',1383931762.0,"['saan', 'daw', 'yolanda', 'ngayon?sab', 'papunta', 'daw', 'napoles']",Arizona
,-10800.0,es,Un clsico #Zapi (@ Napoles) [pic]: http://t.co/kJ0GcwmzpX,-58.44209693,"Buenos Aires, Argentina",-34.59681797,SebastianTerzi,,'398986825676898304',1383932046.0,"['clsico', 'zapi', 'napoles', 'pic', 'http://t.co/kj0gcwmzpx']",Buenos Aires
,-32400.0,tl,@phiiebyankseluj: Si #Napoles lang daw ang sinadya ni #YolandaPH dito sa pilipinas :DD - Wahaha. ,120.898436,"T: 14.989035,120.898471",14.988942000000002,insTOMgram,,'398990121870974976',1383932832.0,"['napoles', 'lang', 'daw', 'ang', 'sinadya', 'yolandaph', 'dito', 'pilipinas', 'wahaha']",Alaska
,28800.0,en,"""I was not overspeeding,it was just right""- MEpolespero seryoso with the 30%++ tax that i pay,dapat ang highway ko 120km+ ready!#Napoles",120.59783873,Dito At Ngayon!,15.88542421,MarisseBC,,'398991123378487296',1383933071.0,"['overspeed', 'right""-', 'mepolespero', 'seryoso', '30%++', 'tax', 'pay', 'dapat', 'ang', 'highway', '120km+', 'ready!#napole']",Hong Kong
,-36000.0,es,Si quieres dejar una huella en alguna parte esforzate y trata de hacer aunq sea el 3% de la q dej 10ego maradona en napoles,-71.83850493,Mcbo Vnzla papi ,10.62552867,PeterJoseF10,,'398993861340831744',1383933724.0,"['quiere', 'dejar', 'una', 'huella', 'alguna', 'parte', 'esforzate', 'trata', 'hacer', 'aunq', 'sea', 'dej', '10ego', 'maradona', 'napole']",Hawaii
,,tl,"Hi, ako si Melo tawagin niyo na lang akong ""I envoke my Right""-Napoles #Activity@Camping",120.95734540000001,Philippines,15.4841492,MicaMellow,,'398998176780152832',1383934753.0,"['ako', 'melo', 'tawagin', 'niyo', 'lang', 'akong', 'envoke', 'right', 'napole']",
,28800.0,tl,"@vicegandalines: Yolanda, handa naming ialay ang Chicser at si Napoles umalis ka lang sa Pinas.",120.99056680000001,@AguasNash01's ,14.65435841,Joyceegemina,,'399001225221271552',1383935479.0,"['yolanda', 'handa', 'name', 'ialay', 'ang', 'chicser', 'napoles', 'umali', 'lang', 'pinas']",Beijing
,-28800.0,en,@v_vangogh @mrsunlawyer @cocoy @raggster I agree! Absolutely well said. I bet Napoles will end up just being an accomplice to these corrupt.,-115.17305053,Las Vegas NV,36.112669,TonyShappy,,'399001272256176128',1383935491.0,"['agree', 'absolutely', 'say', 'bet', 'napoles', 'end', 'accomplice', 'corrupt']",Pacific Time (US & Canada)
,28800.0,tl,"Na violate p daw ng senate yung right ni napoles sa hearing e puro ""hindi ko po alam"" lng ang naisagot, gumastos n nman wla nmang napala",121.01281945,Makati/ortigas/Cabanatuan,14.55534757,arcanville,,'399004335977148416',1383936221.0,"['violate', 'daw', 'senate', 'yung', 'right', 'napole', 'hear', 'puro', 'hindi', 'alam', 'lng', 'ang', 'naisagot', 'gumasto', 'nman', 'wla', 'nmang', 'napala']",Hong Kong
,28800.0,en,"GOODBYE YOLANDA, ISAMA MO SI NAPOLES! HAHAHAHAHA!  #YOLANDA #TYPHOON #PH #NAPOLES #PRAY &lt;3 http://t.co/K4MEdZQkZ2",137.0008984,"Chiryu Shi, Japan",35.00573204,alohabejic,,'399005944568614912',1383936605.0,"['goodbye', 'yolanda', 'isama', 'napoles', 'hahahahaha', 'yolanda', 'typhoon', 'napoles', 'pray', 'lt;3', 'http://t.co/k4medzqkz2']",Beijing
,28800.0,tl,"GOODBYE YOLANDA, ISAMA MO SI NAPOLES! HAHAHAHAHA :)) #YOLANDA #TYPHOON #PH #NAPOLES #PRAY &lt;3 #GodIsGood http://t.co/zCM5om8ssq",137.06485229,"Chiryu Shi, Japan",34.99171563,alohabejic,,'399007747921829888',1383937034.0,"['goodbye', 'yolanda', 'isama', 'napoles', 'hahahahaha', 'yolanda', 'typhoon', 'napoles', 'pray', 'lt;3', 'godisgood', 'http://t.co/zcm5om8ssq']",Beijing
,28800.0,tl,Hnd kagd ya mag digwa Janet Napoles noh? Mapatay kman gyapon!,122.54852908,,10.73457442,Jessarooxclusiv,,'399010044936597504',1383937582.0,"['hnd', 'kagd', 'mag', 'digwa', 'janet', 'napoles', 'noh', 'mapatay', 'kman', 'gyapon']",Beijing
,-14400.0,tl,Grabe napuruhan ang Tacloban &amp; Capiz -_- keepsafe po! etong Napoles na to dpat ang tinutumba m ee Yolanda bkit ung mga taong walang kslan pa,-77.115649,Washington D.C,39.0303445,kyutiie143,,'399012596529266688',1383938190.0,"['grabe', 'napuruhan', 'ang', 'tacloban', 'amp', 'capiz', 'keepsafe', 'etong', 'napoles', 'dpat', 'ang', 'tinutumba', 'yolanda', 'bkit', 'ung', 'mga', 'taong', 'walang', 'kslan']",Atlantic Time (Canada)
,,hu,NAPOLES! NAPOLES! XD,120.8921466,"Gen.Trias,Cavite",14.371409699999997,therealjhayma,,'399012787239661568',1383938236.0,"['napoles', 'napoles']",
,28800.0,tl,Same siguro kayo ng cream brand ni Napoles nu? Mag kasing kapal kaya kayo.,121.07919779,Makati City,14.64307188,soteatrasadas,,'399013410009927681',1383938384.0,"['siguro', 'kayo', 'cream', 'brand', 'napoles', 'mag', 'kas', 'kapal', 'kaya', 'kayo']",Beijing
,28800.0,tl,"Since mukha namang lost cause si Napoles,pwede ko din bang sabihin sa gobyerno that I revoke my duty to pay my taxes? #scrapPork #PatrolPork",121.10964183,Underneath the waves :),14.7028777,YanQuinones,,'399013728886063104',1383938460.0,"['mukha', 'namang', 'lose', 'cause', 'napoles', 'pwede', 'din', 'bang', 'sabihin', 'gobyerno', 'revoke', 'duty', 'pay', 'tax', 'scrappork', 'patrolpork']",Taipei
,,tl,Napoles its your time to shine to help people! Dun man lang mabawian kang bwisit ka!,55.37686,Dubai uae,25.17084,am_barbaira,,'399016330923241472',1383939081.0,"['napoles', 'time', 'shine', 'help', 'people', 'dun', 'man', 'lang', 'mabawian', 'kang', 'bwisit']",
,32400.0,en,@MoonsterXD we must always dream as high as we could because earth is experiencing global warming and Napoles is love. Undrstnd? Lol,121.02352409999999,PH,14.556054099999999,tequierojoshua,,'399016521986371584',1383939126.0,"['dream', 'high', 'earth', 'experience', 'global', 'warming', 'napoles', 'love', 'undrstnd', 'lol']",Seoul
,21600.0,tl,"Baka ipapatay ka pa, gantihan mo na habang buhay ka pa. - Sen. Miriam Defensor to Napoles.",121.01545130000001,,14.4142331,patriceagolo_,,'399016569805606912',1383939138.0,"['baka', 'ipapatay', 'gantihan', 'habang', 'buhay', 'sen.', 'miriam', 'defensor', 'napoles']",Almaty
,32400.0,en,"@MoonsterXD money is love, napoles loves money therefore napoles is love. Woah",121.0235262,PH,14.556052800000002,tequierojoshua,,'399017462202499072',1383939351.0,"['money', 'love', 'napole', 'love', 'money', 'napole', 'love', 'woah']",Seoul
,28800.0,tl,"Teacher: Ok! Class. Sinong nakakaalam kay Napoles ?? Juan: Maam ! Maam ! "" Hindi ko po Alam """,120.63565439999999,"Pampanga,Philippines",15.2289554,Charlhadrin_o07,,'399018607130054657',1383939624.0,"['teacher', 'class', 'sinong', 'nakakaalam', 'kay', 'napoles', 'juan', 'maam', 'maam', 'hindi', 'alam']",Beijing
,28800.0,da,"Google searching: ""Napoles"" ..............Google serching: ***** Error 404 Napoles not Found ********",120.63565439999999,"Pampanga,Philippines",15.228955,Charlhadrin_o07,,'399019264096473088',1383939780.0,"['google', 'searching', 'napole', 'google', 'serching', 'error', 'napole', 'find']",Beijing
,-32400.0,tl,@ilovejamich: Si Napoles lang ang sinadya ko dito. - Yolanda,120.98775856,Earth ,14.73907211,itsbiellaa,,'399021477028057088',1383940308.0,"['napoles', 'lang', 'ang', 'sinadya', 'dito', 'yolanda']",Alaska
,-32400.0,tl,@ilovejamich: Si Napoles lang ang sinadya ko dito. - Yolanda nice! Hehhe,123.59909407,"Cebu, Philippines  ",9.88314774,PrinceMinion,,'399021912480698368',1383940412.0,"['napoles', 'lang', 'ang', 'sinadya', 'dito', 'yolanda', 'nice', 'hehhe']",Alaska
,-28800.0,tl,@ilovejamich: Si Napoles lang ang sinadya ko dito. - Yolanda hahahahahahah,-113.47142790000001,cnda.,53.63575177,vienalmario,,'399022003161542656',1383940433.0,"['napoles', 'lang', 'ang', 'sinadya', 'dito', 'yolanda', 'hahahahahahah']",Pacific Time (US & Canada)
,-28800.0,tl,"""@ilovejamich: Si Napoles lang ang sinadya ko dito. - Yolanda""",125.4140886,philippines,6.8336137,Hahasofunnyjul,,'399022262210162688',1383940495.0,"['napoles', 'lang', 'ang', 'sinadya', 'dito', 'yolanda']",Pacific Time (US & Canada)
,28800.0,en,YESTERDAY: Janet's self-destruction.TODAY: Yolanda's destruction.TOMORROW: Ariella's coronation.#YolandaPH #Napoles #MissUniverse,121.04365394,Philippines,14.67440393,romeorainer,,'399023164778246144',1383940710.0,"['yesterday', 'janet', 'self', 'destruction', 'today', 'yolanda', 'destruction', 'tomorrow', 'ariella', 'coronation.#yolandaph', 'napole', 'missuniverse']",Hong Kong
