id,lat,lng,text
928641173232664577,14.683012,121.0627355,''GAGO SAKSES MATUTULOG NAKO BALANA MIDTERMS KO https://t.co/5TaH8hdBsC''
928642324996878336,14.5847555,121.0392605,''üôè https://t.co/GN6TQgY21O''
928652916272926720,14.4304565,120.9695015,''anuna HAHA https://t.co/uygQOL1YG7''
928652165198987265,14.7108935,121.0311415,''Mag eenroll pa naman sana ako bukas!! üò≠üò≠üò≠ https://t.co/BH19Eyd7NW''
928641683369029633,14.683012,121.0627355,''Ate Biv @LoQueSoy_Biv and pamangkins üòÉüòÉ https://t.co/NnjEr3mU0w''
928653620198776833,14.683012,121.0627355,''yEheeez https://t.co/04J0rgJ3ty''
928642744431525889,14.6067175,121.1242275,''Naysu https://t.co/Rfa6KBkGeO''
928641233190137856,14.5328815,121.0069495,''THANK GOD!üíñ https://t.co/jBw3r6hMue''
928645081732587520,14.4304565,120.9695015,''@CEUmanila anuna https://t.co/dpRzZvZoxe''
928646762960580608,14.5914565,120.9839865,''Yes! walang consultation haha https://t.co/B5GvqFIkRe''
928642510569615362,14.712613,120.9756555,''Keep safe everyone!! üíØ https://t.co/FU72dTnmNB''
928655666008358912,14.5847555,121.0392605,''nakakatouch naman pu https://t.co/DrpGAPlN3f''
928650601713475584,13.3382755,121.184074,''HOYYYY STAY SAFE MGA CALAPE√ëO!! #SalomePH https://t.co/LGvGNTCxAa''
928681614896349185,14.5914565,120.9839865,''Nakakamiss din https://t.co/xRGir5ExFt''
928642792682807298,14.683012,121.0627355,"''#WalangPasok PUBLIC ADVISORY. Classes in all levels, public and private, in the City of Manila, have been SUSPENDED‚Ä¶ https://t.co/7U4V67NRWp''"
928650594629406721,14.5914565,120.9839865,''#WALANGPASOK https://t.co/ttZ85r0Agk''
928644794166870016,14.5914565,120.9839865,''Before suspension: Oi ano na mayor tagal mo nmn mag suspend After suspension: lodi ka mayor  #WalangPasok''
928645558838816768,14.683012,121.0627355,''STAY SAFE AND DRY MGA FRIENDSHIPSSS https://t.co/rIAlf2x66B''
928641811802865664,14.5914565,120.9839865,''Smeg sem is cancelledt lol stay safe frens https://t.co/cvSx2JcbJu''
928645527977189376,14.683012,121.0627355,''Anuna Manila? Suspended ba? Para alam ko kung gagawa na ako ng report kay sir Fabian o hindi https://t.co/1rTr0imcy6''
928655085466349569,14.5914565,120.9839865,''Thank you https://t.co/owC4qXOAPC''
928647703373811714,14.5914565,120.9839865,''Gawaan na ng grades at bigayan na ng cards sa monday! Tapos biglang #WalangPasok bukas? So pano na? Kakabayuhin na naman ba natin ito?üòëüòëüòëüòëüòë''
928673047678107653,14.483414,121.010803,''Magbunyi!!! https://t.co/wdxhUXvscZ''
928649402394165248,14.683012,121.0627355,''Pasig: the baha-free city https://t.co/PMEbAKf7Wu''
928642894381977601,14.5914565,120.9839865,''BOOM!!! YAAAAS HAHAHAHAHA https://t.co/8V0DIY73yQ''
928641533078679552,14.5914565,120.9839865,''Just when I started praying for no suspension gi suspend. Maayo jud ka Tito Erap #WalangPasok''
928641360604700673,14.683012,121.0627355,''Happy SUPER LONG WEEKEND!!! üòÇüòÇüòÇ #WalangPasok #walwalanna''
928678007249649665,14.278017,121.0903735,''‚õà‚õà‚õà https://t.co/601FLeEP1j''
928651708510507008,14.683012,121.0627355,''Yung mas mabilis pa ang retweets ng class suspension announcement ni Erap kaysa sa mga reply mo sa akin.‚Ä¶ https://t.co/bsBQJHIvnH''
928655153971863552,14.5464995,121.033212,''#SalomePH  #jgh#maulan#trapik#baha''
928650348721405953,14.5464995,121.033212,"''Keep safe, dry, and warm. #SalomePH''"
928642447843794944,14.5914565,120.9839865,''@__zaaa__  hello https://t.co/gTLELXWxQq''
928641156333715456,14.5914565,120.9839865,''@_laradionisio @USTCSS NAILABAN HAHAHA #WalangPasok''
928640736140042240,14.4388285,120.995337,"''Mayor, it‚Äôs already 11 pm and you just decided now to announce that #WalangPasok for tomorrow. Where almost all the‚Ä¶ https://t.co/5pNGtlKsM5''"
928685033354797056,9.295242,123.277577,''Ingat po ang mga natamaan ng buying #SalomePH .God bless po sa ating lahat''
928667952500555776,14.3068695,121.0690575,''Keep safe guys. üòò #Taba #SalomePH https://t.co/2ywxtfZAZ6''
928643711143092224,14.5914565,120.9839865,''Wait lang kayo guys sa announcement kung open ba ang school tomorrow for enrollment... ü§ôüèº https://t.co/fGp2hCfRp3''
928643202931769344,14.2538655,121.109929,''üíñ https://t.co/cgilkV85G0''
928647219057631233,14.683012,121.0627355,"''thank you Lord, I reaaally needed this suspension üôèüèºüôèüèº #IRememberABoy https://t.co/YFF8kYRFXr''"
928640974955339778,14.5914565,120.9839865,''Stay Dry &amp; Safe MNL. üëåüèº #SalomePH''
928643570860400641,14.4388285,120.995337,''#SalomePH  Is under sigual no 2 na sa merto manlia''
928641667652923392,14.683012,121.0627355,''Yassss i deserve to sleep https://t.co/ll8EK6lZRI''
928642086458474497,14.602503,121.038362,''1st ‚ú® https://t.co/9K5kxEXEFW''
928655306623614976,14.41719,121.2068455,"''Buti pa ''''yung #SalomePH nararamdaman niya. ''''Yung feelings ko kaya para sa kanya, kelan niya mararamdaman? üôÑüòêüò∂''"
928656143169208321,14.5464995,121.033212,''Keep safe everyone #SalomePH''
928645399568531456,14.683012,121.0627355,''UHM THANK YOU!!?????? https://t.co/AjAdoUZ04G''
928646735013937152,14.5833065,121.082345,''Hahahaha #WalangPasok bukas''
928646686708137984,14.5914565,120.9839865,''kayang bilangin kung ilang araw lang pumasok ngayong quarter eh üòû https://t.co/tFKD9sWGtC''
928656545444872193,14.683012,121.0627355,''Omg official na https://t.co/DDMMEQLnAM''
928641745381818368,14.5914565,120.9839865,''RITWAL SUCCESSSSSSSSSS! ‚òù https://t.co/6drh7GL6pu''
928640551590567936,14.5328815,121.0069495,''#homebound  #cuddleweather  #SalomePH''
928674977414463489,3.58642652,98.66322038,''#redvelvetdrama #kltu #Mygenerationfilm #COP23 #themasksinger3 #RegistrasiAman #CMAawards #OPPOF5 #IraivaLyricVideo‚Ä¶ https://t.co/YgHEXulMoq''
928729575642693632,14.683012,121.0627355,''FUCK NOOOOO https://t.co/QBgOReBR0v''
928642934370533377,15.5931,120.7391,''‚íà #WalangPasok ‚íâ NDRRMC ‚íä #WelcometoMNLHyungsik ‚íã #LLSBlackParty ‚íå #DsChristmas  2017/11/9 23:13 +08 #trndnl https://t.co/dRwxiUtCOV''
928643707296821249,14.5914565,120.9839865,''My future self is crying from all the exams she now has to cram all in her head in such a short time https://t.co/vR01b1F2xh''
928649241517481984,14.5914565,120.9839865,"''Ahhh! I love you more when you tweet HIMYM gifs, USTLMS socmed handler.   We just talked about Ted Mosby during our‚Ä¶ https://t.co/49m9jfadoH''"
928642649413660673,14.6067175,121.1242275,''@monietoreno This is it. Ingat Kyo. https://t.co/SpZtx27bgt''
928646796179415040,13.959386,122.9787785,''Stay safe people! #SalomePH https://t.co/ZXFTetbDMz''
928654464675823618,14.5914565,120.9839865,''thank you makakapagpuyat na ko in peace ilang season kaya matatapos ko tonight https://t.co/G43FL4AwX4''
928641314014486528,14.567526,121.017209,"''@nawmiii https://t.co/8qGsgmli5T oh, anong exam exam''"
928676579865018368,33.8446495,-118.1130755,''bukas ^__^ https://t.co/pmXw7Q4ads''
928643670034694144,14.6067175,121.1242275,"''pati saturday pls, yoko umuwi ng 6:30pm üôÑ https://t.co/CsxuLSqY4X''"
928643941355761665,14.6067175,121.1242275,''sana next year isa na rin ako sa mga nagr-RT &amp; like ng mga announcements sa twitter pages ng UST hihihi üêØ https://t.co/c6wmKRtQoi''
928653630873280513,14.5455175,121.070172,"''As possible, wag nang lumabas at magwalwal kung ayaw mabasa ng ulan. Ingat po tayong lahat at manalangin lagi sa Di‚Ä¶ https://t.co/JCFM73eroV''"
928644914006573056,14.683012,121.0627355,'':( https://t.co/We0Ni0Emrh''
928741945156935681,14.067509,121.174816,''Walang pasok! https://t.co/6uljWj9sek''
928653516444332032,14.5914565,120.9839865,''Pwede po manood bukas? :)) https://t.co/dkakqMc5Bz''
928644355157516288,14.5914565,120.9839865,''@GLIAAAAAAN ü§óü§óü§ó https://t.co/vNZJhXjhna''
928641674204495873,14.5914565,120.9839865,''Well played https://t.co/YI6MaUCf7p''
928645402881957889,14.567526,121.017209,"''JUST IN:  #WalangPasok in MANILA!  Classes in ALL LEVELS, public and private are suspended on Friday, November 10.‚Ä¶ https://t.co/bcE5woB0a3''"
928642242851479552,14.329444,120.899548,''Thankyouu https://t.co/2RcgbwysgS''
928646131332005888,14.5464995,121.033212,''Signal no. 2 Metro Manila #StaySafe #SalomePH''
928679108577333249,14.4304565,120.9695015,''Buti pa sila. 280 characters na üò≠üò≠üò≠üò≠ https://t.co/SCDpqRVTcQ''
928642799808888832,14.5914565,120.9839865,''Boom! Sabi na e. Mag sisignal number 2. Hahahaha. (((: https://t.co/UX7AXkEWm2''
928641875480690689,14.1559945,121.213935,''@BEArable__ https://t.co/Xt1J2hxggg''
928641918321311744,14.860594,121.1639975,''Stay safe and hope they suspend class tomorrow #SalomePH God please take care of us üôèüòá rain won''''t stop üåß''
928643073227104256,14.5328815,121.0069495,''Pasuspend naman hanggang sat ohhhh di ako ready magMandarin https://t.co/5Y0aqBOcQA''
928645003793985536,14.4388285,120.995337,''Take two #SalomePH Is under signal no.2 sa merto manlia''
928641445405245441,14.683012,121.0627355,''Demn https://t.co/SpPI3SDpBu''
928641440506290176,14.5847555,121.0392605,''Haba ng #WalangPasok hahahaahaha''
928653542952353795,14.3135285,120.968701,''Spoils talaga sa mga Governors ang mga Cavite√±o. #Cavite #WalangPasok #BoyingRemulla @BoyingRemulla @jonvicremulla''
928730275508453376,14.683012,121.0627355,''Back 2 Sleep #WALANGPASOK''
928646964954087424,14.683012,121.0627355,''Ayyy sad di tuloy bukas https://t.co/rnxvKFRdgV''
928739501047922688,14.712613,120.9756555,''Naks naman wala ng abbreviations!!! Thanks 280 characters!!! https://t.co/QbAfuwP199''
928642315274424321,14.5464995,121.033212,''HOY SIGNAL NUMBER 2 NA ANO NG BALAK NYO https://t.co/ToTViqwaG4''
928643335278882817,14.5847555,121.0392605,"''Eto yung sinasabi kong ""good news"" https://t.co/AQvweqm7D6''"
928652710483656704,14.5833065,121.082345,''thankyou mayor @bobbyeusebio for early suspensionüòòüòòüòò #WalangPasok #DsChristmas''
928647994269843458,15.5931,120.7391,''‚íà #WalangPasok ‚íâ #WelcometoMNLHyungsik ‚íä NDRRMC ‚íã #LLSBlackParty ‚íå Erap  2017/11/9 23:33 +08 #trndnl https://t.co/dRwxiUtCOV''
928643514144931840,14.602503,121.038362,''YEABOI. On our 43rd monthsary @tatcomiguel üíò https://t.co/4wkNRtYhrt''
928642365992005632,14.5914565,120.9839865,''N I C E https://t.co/dMfIjkkvw0''
928655743154143233,14.683012,121.0627355,''Navotas mayor John Rey Tiangco declares NO CLASSES in ALL levels both public &amp; private due to TS #SalomePH @PhilippineStar''
928640694318645248,14.5914565,120.9839865,''ü§î https://t.co/cKPbY1zExA''
928732695043047424,14.5914565,120.9839865,''I love you Papi. üòòüòç https://t.co/rG04j1NcZM''
928678166025027584,15.5931,120.7391,''‚íà #WalangPasok ‚íâ #WelcometoMNLHyungsik ‚íä Renz Valerio Turns19 ‚íã NDRRMC ‚íå #MakeMeAngryIn5Words  2017/11/10 01:33 +08 https://t.co/dRwxiUtCOV''
928654709828681728,14.5914565,120.9839865,''@_domingoandrea ito na po boss https://t.co/9zw6rkZy5L''
928673164048994304,14.4388285,120.995337,''Walang pasok. Walang baon. Make up classes coming soon. Stay dry everyone. Night.  #WalangPasok''
928643060036014081,14.407883,121.03131,''Iba ka talaga Salome! Hahahahaha! @cjsdeguzman_ https://t.co/QOfVMESppa''
928647178066706432,14.4304565,120.9695015,''#WalangPasok daw. Eh wala naman talaga akong pasok kasi di pa ko enrolled üòÇüòÇüòÇ''
928642262283706371,14.5914565,120.9839865,''11:11 talaga üíõ https://t.co/qQ36gvNciQ''
928653968627994624,14.5464995,121.033212,''WAW https://t.co/rzfsEazC1q''
928643406158589952,14.5914565,120.9839865,''HAHAHAHAHAHAHAHAHHA #FierceTamaraws https://t.co/k7zrNAKE6l''
928672899501719552,14.712613,120.9756555,''Hala ngayon ko lang na knows putek hahahahahah grabe yon kung di ako nag basa basa papasok ako bukas ü§¶‚Äç‚ôÄÔ∏èhahahahaha‚Ä¶ https://t.co/8wjdXnKnBe''
928652737633427456,14.5455175,121.070172,''Errr important announcement... #SalomePH https://t.co/18I9WMH7Qx''
928671827173376000,14.683012,121.0627355,"''YAYY bale 10 days na breaküòå, pero NOOOO tambak naman ng petas üò¢ https://t.co/PVmRx6MZ8F''"
928733985152176129,14.4388285,120.995337,''The wind is scaring me. üí® #SalomePH''
928640308648165377,14.683012,121.0627355,''Wow naman ang saya nila 6-days walang pasok 6-days walang baon hahaha. #walangpasok''
928673133514522625,15.5931,120.7391,''‚íà #WalangPasok ‚íâ Renz Valerio Turns19 ‚íä #WelcometoMNLHyungsik ‚íã NDRRMC ‚íå #DsChristmas  2017/11/10 01:13 +08 #trndnl https://t.co/dRwxiUtCOV''
928646885761359872,14.6879375,121.170794,''üéâ https://t.co/byc9C1ZLBR''
928642340259905536,14.5328815,121.0069495,''SO MASMAHIRAP NA ANG SCHED BUWISET. BAKA MACANCEL PA QUARTERLY https://t.co/un4Tw9yclA''
928642755290587137,14.5914565,120.9839865,''Di dapat ako iinom tonight pero sige na nga https://t.co/IbkHvIskGu''
928640540576329733,14.3994195,120.9304795,''Nakakaloka yung kuryente. Stay strong pls paalis na si #SalomePH''
928640413451161601,14.7108935,121.0311415,''#WalangPasok plz''
928654750970556416,14.5464995,121.033212,''Sana pati work pwede ding masuspend HAHAHAHA https://t.co/dBzPaUATiA''
928646566700752896,14.675515,120.9338335,''Awwwwüòã https://t.co/dwR8V4t73j''
928644630232444928,18.0821395,120.7452715,''Yey! üòÇüòÇ #SanaTagaDLSU ako! üò≠üò≠ https://t.co/q3P7dpa5rf''
928644748461588481,14.5914565,120.9839865,''NO!!!üò© https://t.co/IB00zAkk95''
928655936763305984,14.5914565,120.9839865,''#SalomePh umatras ka balik ka sa sabado''
928639968506929152,14.567526,121.017209,''uy naman #WalangPasok https://t.co/eaSY4vI8io''
928640129236852738,14.683012,121.0627355,''Hala! Abangers ka na @_bedazzledblue sa official announcement na walang pasok ang manila! wala yan magtiwala ka lan‚Ä¶ https://t.co/VkdIZNYMzh''
928652533538570240,14.4304565,120.9695015,''woah  may himala ba?  bakit ang aga nasuspend?  üôä‚úå  kung kelan madaming gagawin oh  asean week tapos finals AHHHHH‚Ä¶ https://t.co/V1xIfzU1WY''
928738138700136448,14.3396345,120.828395,"''Please naman oh paki Salome, kasi nafall na ako sayo e. #SalomePH''"
928641597503193089,14.683012,121.0627355,''üíó https://t.co/HtyS8I86g4''
928645310393360384,14.5914565,120.9839865,''YAAAAS üíõüíõüíõ https://t.co/AvhbLxnqYI''
928742642392764416,7.3175825,125.4432615,''Yesss lang pasok hahaha https://t.co/PHKBsWJA1c''
928641187698786304,14.3068695,121.0690575,''Yas naman https://t.co/l6nTvO24wi''
928651719159853056,14.683012,121.0627355,''üòÄ https://t.co/jLU9zzhzE3''
928644111476834304,14.5914565,120.9839865,''RETWEET AGAD! https://t.co/BtWvuiIJxy''
928654701834354689,14.9631555,120.8845245,''Daming walang pasok. Ako lang ba gustong pumasok??  #WalangPasok''
928648373502017536,14.483414,121.010803,''TYL FOR THISüíñ https://t.co/zT0fp4uBnl''
928645126284443648,14.5328815,121.0069495,''Oh no pano final exam namin sa catering tomorrow :/ https://t.co/XDAtWLaxgK''
928651343610363904,14.5914565,120.9839865,''Yung mas mabilis pa ang retweets ng class suspension announcement ni Erap kaysa sa mga reply mo sa akin.‚Ä¶ https://t.co/kPdnbry7ua''
928644211582189568,14.683012,121.0627355,''Yes bitch! https://t.co/h7yQ8xq3X9''
928643686904225792,14.683012,121.0627355,''Red alert na pala at signal no. 2. Ano na iyong Maynila? Nasa talampas kayo? Di kayo below sea level? üòÇ#WalangPasok''
928653648049070080,14.683012,121.0627355,''Ano ba yan https://t.co/xjexoWGIjf''
928642982831472645,14.5455175,121.070172,''SIGNAL 2 SO IT MEANS?????? https://t.co/7rHsVwShLf''
928674093762674688,14.5464995,121.033212,''#WalangPasok #SalomePH https://t.co/COuBEe6yZ4''
928643711612862464,21.0285,105.8048,''#WalangPasok just started trending with 10404 tweets. More trends at https://t.co/9ebx5GbwcT #trndnl''
928655005380313088,13.8729455,122.2991135,"''Since offices will be open tomorrow, I wonder if my compre exam can still push through. ü§î Otherwise, I should have‚Ä¶ https://t.co/irFaLzCfe4''"
928650645862674432,14.639378,120.515452,"''#walangpasok Due to the threat of Typhoon #SalomePh, classes in all levels (private and public) in Bataan are suspe‚Ä¶ https://t.co/2Bae6wQzH4''"
928650211693535232,14.860594,121.1639975,"''Classes in ALL LEVELS are suspended tomorrow, Friday, November 10, 2017 due to #SalomePH. Stay safe, everyone. Keep‚Ä¶ https://t.co/wxtzBeyKA4''"
928652180139028480,14.602503,121.038362,''Stay safe! #SalomePH https://t.co/v2bDwrHyPn''
928643372234842113,14.115378,120.9626205,''Kaya pala üò≠ https://t.co/9NX30s3m7M''
928640049717035008,14.417555,120.8612015,''#SalomePH magpaawat ka. May pasok ako bukas. Jusko.''
928644453572665344,14.5464995,121.033212,''Binay hehehehehee https://t.co/wCi2R8B3bS''
928792138481000454,14.329444,120.899548,''signal no. 1 na tayo mga abitek√±os! https://t.co/zHvXSt8rrp''
928641499301949441,14.4388285,120.995337,''GAGO MAGDIWANG NA TAYO!!! YEEESSSHHHH TODI NA TOH https://t.co/4lgp1TfbsJ''
928731937740546053,48.4962255,-123.370838,''@LilDonnyRed Those #Movember fans had #SalomePH.''
928682480969723904,14.5914565,120.9839865,''pinakamagandang nangyari ngayon https://t.co/fHKSdcNtm4''
928655056282443776,14.7108935,121.0311415,''salome salome shapopo salome salome shapopo #SalomePh''
928673632775049216,15.5931,120.7391,"''üìà TD Salome leaves hundreds stranded, halts oil spill cleanup in Oriental Mindoro https://t.co/70xwV2K7a3''"
928643725714006016,18.2233,-66.4289,"''#WalangPasok empieza a ser Tendencia, con 10404 tweets, ocupando la 35¬™ posici√≥n en Puerto Rico. M√°s en https://t.co/Q2h6KsMyr0 #trndnl''"
928646899342569472,14.712613,120.9756555,''yaassssssss https://t.co/PMfQJC0dvU''
928642072097079302,14.683012,121.0627355,''NARARAMDAMAN KO NARIN YUNG BAHA NG WORKLOADS üôÇ https://t.co/Wwh9RIuD3t''
928640331209248768,14.4304565,120.9695015,''WAG. KANG. MAGMAMAKATI. https://t.co/HUAh9H99Wb''
928642742766522368,14.278017,121.0903735,''Mainit na sabaw para sa malamig na gabi. #SalomePH https://t.co/CZ6r80YIH7''
928652036391936000,14.712613,120.9756555,''Them:‚Äù#WalangPasok‚Äù Me:‚Äù#WalaTalagangBalakPumasok‚Äù üòÇ''
928650207536988160,14.5914565,120.9839865,''Huhu wala naman talaga ako pasok. üò≠ https://t.co/pL2aKjpyBN''
928656139440422912,14.4304565,120.9695015,''????? https://t.co/lijnX4wfxk''
928643656273166336,14.7108935,121.0311415,''Am I the only one sad? @macaseycruz @odelinnelina https://t.co/WSEqOHb7Vg''
928648332267765760,14.4304565,120.9695015,''Eto na nga. Nakakatakot https://t.co/pWCzbC76qA''
928642634700046336,14.683012,121.0627355,''Oy tinorture nyo nman name nung bagyo :(( https://t.co/rIz37sgsHl''
928645421534027776,14.5833065,121.082345,''nakaka-misss maka-appreciate ng #WalangPasok haysssss üåßüò¥''
928645476403986432,14.5914565,120.9839865,"''When you always feel like being a student again, because when classes are being suspended, and so with your office‚Ä¶ https://t.co/vZXiwIN3ZI''"
928673070600019968,14.5833065,121.082345,''Yo pasig what‚Äôs good? https://t.co/IPyBvpOYiI''
928672432335888384,14.5847555,121.0392605,''parang ang lungkot na masaya na  #WalangPasok ü§î''
928641478036938752,14.5464995,121.033212,''#WalangPasok in Manila - any luck? ü§ûüèº''
928683209612697600,15.5931,120.7391,''‚íà #WalangPasok ‚íâ #WelcometoMNLHyungsik ‚íä Renz Valerio Turns19 ‚íã #MakeMeAngryIn5Words ‚íå NDRRMC  2017/11/10 01:53 +08 https://t.co/dRwxiUtCOV''
928653224206221312,14.7108935,121.0311415,''Susunod na ba mga govt employees? ‚ò∫Ô∏è #WalangPasok''
928810600313974785,14.5833065,121.082345,"''I believe ito ay may dalang ulan, I believe ito ay may hangin  I believe ito ay bagyo  I believe sya si  #SalomePH  üòàüòéüòàüòé''"
928641209249050624,14.483414,121.010803,"''I-cancel na lang kaya ang buong sem, ano? Tapos reset na lang sa January? NKKLK. #WalangPasok''"
928644133794615297,14.5914565,120.9839865,''Just goes to show how suspensions are not always on a Monday. #RetainUBreak https://t.co/e0YZibeneW''
928652961995034624,14.683012,121.0627355,"''Calumpang River sa Batangas City, tumataas ang lebel ng tubig;1st alarm, itinaas na - Rod Dela Roca, CDRRMO Head #SalomePH''"
928648081205325830,53.4198785,-2.915427,"''tax mo, bayad mo lance julian. https://t.co/aQyrMFK1f4''"
928643299941871617,14.5847555,121.0392605,''!!!! https://t.co/f0N9sy1GU9''
928654388402429952,14.5833065,121.082345,''Stay safe everyone. #SalomePH https://t.co/tFbQnt79KI''
928653302866198529,13.8729455,122.2991135,"''I shouldn‚Äôt have left for Manila tonight. I knew QC‚Äôs suspending classes tomorrow, hence my comps too. https://t.co/11paMUx7JE''"
928647254696529920,14.5847555,121.0392605,''ohh! #2 na #StaySafe #SalomePH https://t.co/w9w1mflKDA''
928642872370274304,14.5914565,120.9839865,''intramuros kids will know ‚ú® https://t.co/DmkO3NMxED''
928641571934814208,14.3492525,121.0444275,"''Buti pa yung ulan hindi tumitigil, pero sya tumigil na! üíî  #SalomePH #Salome #WalangPasok''"
928745226461618176,14.5914565,120.9839865,''1 hour ago hahahaha https://t.co/RWWSSpix6r''
928643710207762433,21.0285,105.8048,''#SalomePH just started trending with 10027 tweets. More trends at https://t.co/9ebx5GbwcT #trndnl''
928641854131773440,14.5914565,120.9839865,''Sembreak part two https://t.co/BmL34QzeEc''
928642677708488704,14.5464995,121.033212,''thanks papi!! https://t.co/lp2py4qwNW''
928651104245698563,14.683012,121.0627355,''WALA PASOK PANO NA WALA KO PERA https://t.co/slUqiXdWta''
928647517352247296,14.683012,121.0627355,''ANUNAAAA https://t.co/fOvDKOlZU5''
928648943298154496,13.4599185,122.0562895,''waterproof po ba kaming mga high school? üôÉ https://t.co/WMQeKNZmsM''
928642641830461440,14.5914565,120.9839865,''Pch! Be safe guys. üôè https://t.co/FxNGiqUPtl''
928649884235841536,14.2538655,121.109929,''Lakas ng hangin... parang ikaw üôÑ #SalomePH''
928641401721466881,14.5914565,120.9839865,''FINALLY!!!!! https://t.co/9PcyPf0QOg''
928641736880021504,14.5914565,120.9839865,"''Thank you, sobrang gusto ko mag pahinga https://t.co/lWNiSONPGH''"
928641792643186688,14.5914565,120.9839865,''naglaba pakog lab coat https://t.co/u8GkpsuTBV''
928654704434806785,14.683012,121.0627355,''Thank you ‚ô•Ô∏è https://t.co/bsOWOgiYwA''
928639131525058560,14.683012,121.0627355,''jusq badtrip https://t.co/Vyft8ZqSW0''
928648535515414528,14.5914565,120.9839865,''Napaaga yung release ng sequel ng sembreak! ü§ò  #WalangPasok #FierceTamaraws''
928645309101522945,14.683012,121.0627355,''@Mayora_Abby  pls po declare nyo na #Walangpasok na rin sa Makati. https://t.co/A9EZFEZcPd''
928654685933789185,14.683012,121.0627355,"''Mayor Gatchalian declares NO CLASSES IN ALL LEVELS,public &amp; private schools (inc OLFU), Friday, Nov 10, due to TS #SalomePH @PhilippineStar''"
928651220771733504,14.602503,121.038362,''may mga kailangan pakong ipasa eh ano to part? https://t.co/xXs7AMdaAZ''
928671236455989248,14.4304565,120.9695015,''Yang si #SalomePH umiiyak yan kasi di rin siya sinalo''
928643094961991680,14.5914565,120.9839865,''@PresidentErap HAHAHAHAHAHA gising kapa po ba? ü§î https://t.co/eQOG9kEAzh''
928644086390603777,15.459767,121.034475,''@ronmallete__ @_momonn @Teonggo99 https://t.co/7XJX8tybab  alam ng tadhana na malalate ako di pumapayag na panget ako hahaha''
928670221325410304,15.7847855,120.9904035,''Hay buti naman! https://t.co/bi6dD3UKmT''
928644017906114561,14.5847555,121.0392605,''Bataan and Metro Manila are both on Signal no. 2 now what the fudge #SalomePH''
928646208582590465,14.5914565,120.9839865,''KAPAG GUSTO NG SUSPENSION WALA NAMAN PAG AYAW NG SUSPENSION MERON NAMAN https://t.co/EBxA5hF43v''
928739171455217664,14.5041115,121.0652415,"''As declared by Manila Mayor Estrada, no classes today Thomasians. #StaySafePH #SalomePH https://t.co/4DjHCEtxVZ''"
928648220514836480,14.5914565,120.9839865,''Tulog izz life! Hahaha #WalangPasok #KISSESOnMakingMEGA2018''
928650162347450369,14.5847555,121.0392605,''Bait mo talaga momshüòä https://t.co/IeQsqKHKnD''
928641817242845185,14.407883,121.03131,''#WalangPasok  #WalangPasok  #WalangPasok  #WalangPasok  #WalangPasok  #WalangPasok  #WalangPasok  #WalangPasok‚Ä¶ https://t.co/qj7HMlhJfq''
928642233598844928,14.683012,121.0627355,''sorry #SalomePH di mo kami mapipigilang mag minalungao tuloy pa rin kami HAHAHAHAHAHA laban''
928733994488807424,14.5914565,120.9839865,''Bat ba ako lumuwas pa???? üôÑ https://t.co/nkmLvWmKc7''
928745333949046784,13.9404475,121.6264105,''Bwahahaha https://t.co/OEKAfmb0DH''
928640246131994629,14.3135285,120.968701,''TANGINA WAG OFFICES PLEASE WAG https://t.co/rd1gT6AfrJ''
928641842417164288,14.5914565,120.9839865,''Bed weather üí§ https://t.co/2DMbFRwLVF''
928650025491509248,14.567526,121.017209,"''Updated as of 11:42pm, here''''s list of class suspensions on Friday, November 10, 2017. #WalangPasok #SalomePH   https://t.co/Gws9MoqTxx''"
928656248257441792,14.5455175,121.070172,''WOOO ANOTHER 10 DAY BREAK https://t.co/6MPB3SnAj6''
928651048717205504,36.597301,140.6166665,''Gusto ko ma-expi ulit yung feeling ng #WalangPasok üòî''
928643396633182210,14.5914565,120.9839865,''MAGDIWANGGGGGGGG https://t.co/1f4rjnRJls''
928642807954210818,14.683012,121.0627355,''I‚ù§Ô∏èQC https://t.co/zcdF8Ai2ag''
928656617125449728,14.683012,121.0627355,''Hindi ba kasama government offices sa #walangpasok bukas Nov. 10 ??   #SalomePH ‚õàüå¨üí®''
928733061855903744,14.683012,121.0627355,"''Kinda happy, kinda not happy.. https://t.co/vhH7nedf3x''"
928646611579707392,14.5464995,121.033212,''@marieylala_ balak ko sana na magfoodtrip tayo sa bahay nyo sama si hannah bwiset HAHAHAHAHAHAHAHAHAHA https://t.co/WxmED29nae''
928649886584659968,14.5914565,120.9839865,"''Nakadalawang try na si Vivo sa baste, pero ayaw pa din. üòÇüò≠ https://t.co/hpPfy3HWkQ''"
928648445757333505,14.683012,121.0627355,"''""Nak paabot naman nung remote""  ""Salome""  #WalangPasok #SalomePH''"
928645720470577152,14.5464995,121.033212,''yes walang reporting!!!!!! https://t.co/WxmED29nae''
928640082797404161,14.5914565,120.9839865,''Sana mag announce ng maaga sa Makati #WalangPasok''
928656123397206016,14.4304565,120.9695015,''oh yes  ALL IS WELL üé∂ https://t.co/Fn2IMix5fG''
928646535432114177,14.5914565,120.9839865,''HAY https://t.co/I9ieU9klpu''
928656289281949696,14.5833065,121.082345,''No silay kay crush https://t.co/ydm4jgRxbC''
928666067156602880,14.683012,121.0627355,''pls read d importanter messej bilow   USE YOUR TIME PRODUCTIVELY PLS PUMASOK TAYO SA SABADO https://t.co/RbYfSdQuph''
928642585807151104,14.683012,121.0627355,"''Nice. Eh, kaso di pa din ako enrolled. https://t.co/KY2gehTNM8''"
928646829176061953,14.5833065,121.082345,''As if pumapasok ako dito noh? Hahaha I wish https://t.co/Sjr3BTXGtH''
928642989160783872,14.683012,121.0627355,"''in 140: #Walangpasok (see link)  in 280: Classes in all levels, public &amp; private, on the following cities are suspe‚Ä¶ https://t.co/vFwUHTxSAG''"
928644110201774080,14.5464995,121.033212,''#WalangPasok With #SalomePH moving closer to Metro Manila &amp; with the moderate to heavy rains &amp; gusty winds brought‚Ä¶ https://t.co/mKUj5RWTOD''
928684217055166464,15.4158155,121.662343,''hala totoo bang #WalangPasok ? üòÇ''
928642170373865472,14.5833065,121.082345,''Ohhyzzzz https://t.co/WqTm23taOp''
928655399993016322,13.8729455,122.2991135,"''Since offices will be open tomorrow, I wonder if my comprehensive exam can still push through. ü§î Otherwise, I shoul‚Ä¶ https://t.co/tRh4NEzQK9''"
928683955858968576,14.5464995,121.033212,''Hahahahahahahahhahahahahahaha ü§£ü§£ü§£ü§£ https://t.co/fiRFW83YXN''
928668130070556672,15.5931,120.7391,''‚íà #WalangPasok ‚íâ #WelcometoMNLHyungsik ‚íä Renz Valerio Turns19 ‚íã NDRRMC ‚íå #DsChristmas  2017/11/10 00:53 +08 #trndnl https://t.co/dRwxiUtCOV''
928641579660713984,14.5464995,121.033212,''NAGSISIMULA NA!!! GUSTO NIYO YON??????!?!?! https://t.co/gkW46E9t7G''
928648202420551681,14.5464995,121.033212,''Just In: Pateros #WalangPasok stay safe and dry everyone.... https://t.co/mEPsOhymUx''
928730368684965889,14.3135285,120.968701,''Nag overnight si Solome... https://t.co/fbPJEUTtkj''
928654508380450816,14.4304565,120.9695015,''Pauwiin mo muna ako Salome https://t.co/lE0XGZ174N''
928641993915248640,14.5464995,121.033212,''Yes suspended HAHAHAHAA thanks papi erps!! ‚ò∫Ô∏èüòÇ  #Walangpasok''
928642327647678465,14.683012,121.0627355,''üôÉüôÉüôÉüôÉ i‚Äôve been studying all day for a freakin‚Äô test tomorrow and then............ https://t.co/stvMojPjPm''
928685791861018625,14.567526,121.017209,''üíî Kasabay ng iyong pighati ang aking pagdadalamhati. Sinasabayan ng bawat patak ng ulan ang luhang patuloy na dumad‚Ä¶ https://t.co/SysvGmcaRF''
928646436408868865,14.567526,121.017209,"''PASIG CITY: #WalangPasok mula pre-school hanggang highschool sa mga pampubliko at pribadong paaralan bukas, araw ng‚Ä¶ https://t.co/If27qeBeKk''"
928643727177826304,18.2233,-66.4289,"''#SalomePH empieza a ser Tendencia, con 10027 tweets, ocupando la 49¬™ posici√≥n en Puerto Rico. M√°s en https://t.co/Q2h6KsMyr0 #trndnl''"
928642587237298176,13.2199765,121.241867,"''Lord, please keep us safe. Thank you.  #SalomePH''"
928678401510014976,14.683012,121.0627355,''signal no. 2. be alert and be ready everybody. #SalomePH #pray4every1''
928645238482116608,14.602851,120.5259855,''hoy ano tuloy paba hahahahhahaha https://t.co/GKIxDrBvuI''
928642500981432321,14.5914565,120.9839865,''Thankyou for spoiling us tatay @PresidentErap!! Isa po kayong alamatüòòüòò https://t.co/8TYSt57fmR''
928646714419920901,14.683012,121.0627355,"''sana as legal management students, malaman ninyo na gramatically incorrect ang phrase na ""as per"" https://t.co/c9iytu2IY4''"
928642652534317057,14.278017,121.0903735,''üôÉüôÉüôÉüôÉüôÉ https://t.co/0lKhCpK9jL''
928641250936238080,14.5464995,121.033212,''HAHAHAHAHHAHAHA natupad! @RolandSulad https://t.co/Ko53W5USg7''
928665863732969472,14.5041115,121.0652415,''Gigil na gigil ako sayo #SalomePH''
928655896229453825,14.683012,121.0627355,''Ikumpleto niyo na xD https://t.co/63o3D9jiy1''
928653000540692480,15.5931,120.7391,''‚íà #WalangPasok ‚íâ #WelcometoMNLHyungsik ‚íä NDRRMC ‚íã Renz Valerio Turns19 ‚íå Erap  2017/11/9 23:53 +08 #trndnl https://t.co/dRwxiUtCOV''
928644443577622529,14.3463149,121.0537553,''#SalomePH https://t.co/t7ncMfjoIa''
928641420893679616,14.4388285,120.995337,''Huwow https://t.co/zUM3y6bT8B''
928644106040913920,14.5914565,120.9839865,''Wala nang BAWIAN AH PUTA https://t.co/J3KPvhOfan''
928643461477122048,15.4158155,121.662343,''#WalangPasok eeh di ako napasok talaga e nextweek pa. haha''
928641935375347712,14.567526,121.017209,''Why don''''t we just cancel the whole sem while we''''re at it? #WalangPasok #BuhayGuro #PrayForMySyllabus #MagandaSiVPVilches''
928644443594301440,14.5847555,121.0392605,''A moment of silence para sa AD plate kong walang progress na ipapasa dapat bukas... MAGANDA TIMING #SalomePH''
928640075780341765,14.5464995,121.033212,''Shookt https://t.co/J43vRjTF0W''
928648605228924930,14.5041115,121.0652415,''Hindi makatulog dahil sa lakas ng hangin ramdam na si Bagyong #SalomePH  keep safe po tayong lahat..üôè''
928730003893710848,14.683012,121.0627355,''Natupad ang aking wish! üòÇüòÇ https://t.co/z0bg0EwP81''
928669400315523072,14.683012,121.0627355,''keep safe. keep high. keep dry. #SalomePH #pray4every1''
928642435109945344,16.0624505,120.3465635,''May bagyo..üòÆüòÆüòÆ https://t.co/mdfJB1SfNQ''
928641426962841600,14.483414,121.010803,''Eh wala naman talaga akong pasok ng friday üòÇ https://t.co/mTXfamMHTl''
928643643367239680,14.5914565,120.9839865,''Buti pa yung panahon may karapatang ma-depress üò¢ #WalangPasok''
928648445094649856,14.683012,121.0627355,''sana pala umuwi na ako ngayong gabi sa Bataan. wala naman palang pasok bukas yung case child ko sa preschool https://t.co/D3cFzPJmuD''
928649083534708736,14.5464995,121.033212,''List of class suspensions... https://t.co/2k0d1ce0yA''
928645071552987136,14.3994195,120.9304795,''anona https://t.co/umWJV3Yksr''
928811317078605824,14.407883,121.03131,''Oh diba parang nagdahilan lang si #Salome... imberna diba?... #SalomePH #BayaningPuyat #BuhayAhente #AgentLife #Pepper #PepperPagerper''
928664996413718528,14.5914565,120.9839865,''Feel ko na #walangpasok. Super lakas ng hangin sa labas e. Galit si Salome üí™''
928640745115852800,14.567526,121.017209,''GOOD EVENING MANILAAAAAAA!!! WALA NA RIN TAYONG PASOK #WalangPasok https://t.co/9vFpWs2DHw''
928642610876465153,14.5833065,121.082345,''Huhuhuhu this is badddddd https://t.co/273PNTdpHn''
928646851376513025,17.5998675,121.7674675,"''Sana Cagayan rin, HAHA hindi ko pa kasi tapos Balance Sheet, so nandamay pa ako ganernüòÇüôä jk https://t.co/kNaqJNKl6I''"
928653980866973696,14.860594,121.1639975,''Walang palagggg https://t.co/1dg8VPDv4z''
928647738551443456,14.5914565,120.9839865,''Ang class Lang b ang #WalangPasok??  Panu namn kami???  Pati b nmn sa bagyo..  Aasa Pa rin ako''
928642884437282816,14.8512035,120.9873905,''stay safe everyone!! üôè https://t.co/TF4uFFJx6O''
928642224333602817,14.5833065,121.082345,''Automatic suspension na pag signal no. 2 dibaaaa https://t.co/EpCIgHRxd3''
928655940668162048,14.683012,121.0627355,''No work suspension for tomorrow. #SalomePH https://t.co/LZq2aGO5qD''
928644791507628033,14.5833065,121.082345,''Yown thanks mayor! Makakapag meeting kami for debut ko tomorrow hehheehw https://t.co/CS7xU6wpNA''
928648375070633984,25.187719,51.147218,''Nov.10 due to #SalomePH  Nov.11-12 Saturday Sunday Nov.13-15 Asean Summit  üòÅüòÅüòÅ''
928641927536197633,14.683012,121.0627355,''yeyyy ‚ù§Ô∏è very long weekend üí™ https://t.co/AtqZFySpgc''
928641797055795200,14.5914565,120.9839865,''Wala na. Wala na daw. #WalangPasok''
928654824760950784,14.5914565,120.9839865,''#SalomePH unstoppable ka! may lakad ako tom and sat ha üå©‚òîÔ∏è''
928644813100015616,15.2335555,120.692499,''HAHAHSHSHAHAHAHAHA https://t.co/W5Ial7qJ1S''
928643311828549632,14.683012,121.0627355,''‚ù§Ô∏è‚ù§Ô∏è‚ù§Ô∏è‚ù§Ô∏è‚ù§Ô∏è https://t.co/RC0SqoQSrV''
928647062538788864,14.675515,120.9338335,''@binibiningADG https://t.co/kvqh80C3lT''
928648667862466560,14.483414,121.010803,"''Ang lala ng ASEAN weekend! Pagbalik ng mga students, ma-feel kaya nilang students pa rin sila? LOL.   Bakit walang‚Ä¶ https://t.co/Y5jidpWAsI''"
928653068165529600,13.8729455,122.2991135,''I should‚Äôve never left for Manila tonight. https://t.co/11paMUx7JE''
928647393465188352,14.639378,120.515452,''Mukang mawawalan ng pasoküò≠ https://t.co/cNMsvWTrso''
928640543956930560,14.5847555,121.0392605,''@FEUMNL https://t.co/Qdu2ahVTYM''
928640538596618240,14.683012,121.0627355,''Yes! https://t.co/XaCAqogSna''
928645135671336960,14.5914565,120.9839865,''Aw wala pasok @gabperey https://t.co/nDJvm14KTZ''
928655810967715845,14.5914565,120.9839865,''Ngatings mga orb https://t.co/UbKwVRSyrw''
928663411931561984,28.6384895,77.095086,"''Good night everyone! ‚ù§Ô∏è Be safe. Keep your torches charged and ready, your pantry stocked. Don''''t forget your rain g‚Ä¶ https://t.co/uhxKeNu3Hs''"
928641857382375425,14.712613,120.9756555,''Thanks G https://t.co/AqqeCCSwIX''
928643443412189184,14.683012,121.0627355,''Sembreak again üî• https://t.co/EQvmhThL0z''
928643427196997633,14.3068695,121.0690575,''Okay Signal #2 na agad. #SalomePH''
928667911060779008,14.5914565,120.9839865,"''Happy 18th birthday @Stuffedbook10 grabe dalaga na sya ipapahanda na namin 18 roses, 18 activity forms, 18 logistic‚Ä¶ https://t.co/xPIZAo1bJC''"
928655295143751683,13.8729455,122.2991135,"''Since offices will be open tomorrow, I wonder if my compre exam can still push through. ü§î Otherwise, I should not h‚Ä¶ https://t.co/YtwLfM5n8a''"
928642458086510594,40.5724045,-74.413644,''Anong trip ng PAGASA at kay @SalomeSalvi pa pinangalan ang bagyo kklk HAHAHAHA #SalomePH''
928647732406784000,14.05741,120.9071475,''Ano po ba talaga? Signal #1 or #2? #Batangas #SalomePH https://t.co/4nxWu9WLML''
928649657210699776,14.538013,121.169273,''Petmalu https://t.co/IJNiAV1K9r''
928642343544111104,14.683012,121.0627355,''Ninong @PresidentErap https://t.co/AFkP7DIne4''
928739481196281856,14.3492525,121.0444275,''Sarap ng gising ko https://t.co/f5npZbP5z5''
928650314730762240,14.0227145,120.7585305,''wala na nga üòÇ https://t.co/yLSfPXReLe''
928649903378718720,5.1589365,6.197823,''Dont miss #Evangelistreinhardbonnke  power-parked crusade happening live in Lagos #TystnadTagning #SPM2017‚Ä¶ https://t.co/OZrCK0DqN4''
928644713367838721,15.459767,121.034475,''Nagtretrend si Mayor Erap sa tweeter kasi naging bayani nanaman siya saming mga Istudyante ng Maynila #WalangPasok üòÇ''
928645533018628096,14.712613,120.9756555,''Magpugay oh hahaha https://t.co/6jLOND8lgJ''
928650722337591301,14.683012,121.0627355,"''salamat, rest lang muna si pogi boy.  RT @QCPublicAffairs classes at ALL LEVELS in QUEZON CITY are suspended tomorr‚Ä¶ https://t.co/NjIEHYF2yD''"
928650441029705729,14.683012,121.0627355,''Unang tweet ng hashtag #WalangPasok ngayong sem. üôÉ ang sipag ko talaga''
928644724570783745,14.4388285,120.995337,''medyo tutol kami sa posibleng suspensiom bukas. hahaha. stay safe fam! https://t.co/5jPccK71gz''
928743586782371840,15.5931,120.7391,''‚íà #MakeMeAngryIn5Words ‚íâ #ALDUBManaligSaPuso ‚íä #WelcometoMNLHyungsik ‚íã #SalomePH ‚íå #LLSBlackParty  2017/11/10 05:53 +08''
928642299671715841,14.683012,121.0627355,''#WalangPasok''
928645967636717568,14.5328815,121.0069495,"''Ayan suot na naman mga Pulag outfit, Lamig eh. :p #Haiku #SalomePH''"
928641693586305024,14.683012,121.0627355,''THIS IS THE LIFE YAY https://t.co/leuuQvfptP''
928644093629964289,14.5914565,120.9839865,"''Kung kelan gustung gusto mo pumasok saka naman babagyo üòÅ sayang ang ganap bukas, tapos one week uling bakasyon üòÇüòÇsarap buhay üòÅ #WalangPasok''"
928643077933228032,14.5041115,121.0652415,''Signal #2 na Metro manila https://t.co/clmQlTdBbH''
928730283565768704,14.2797435,120.871999,''Ang hangin mo. #SalomePH''
928641412886700032,14.771862,120.9444685,''Lakas talaga ng pananalig koüòå https://t.co/dd18dBuYhx''
928653826957099008,14.5833065,121.082345,''üçç https://t.co/t1tsFnlDyc''
928671804331134976,14.4304565,120.9695015,''140: Long Weekend.  280: Looooooooooooooooooooooooooooooooooooooooooooooooooooooooooooooooooooooooooooooooooooooooo‚Ä¶ https://t.co/U6nVHBeFtq''
928647027231154181,14.712613,120.9756555,''ETO TALAGA INAANTAY KO. KASI HANGGANG ACT 14 PALANG NASASAGUTAN KO SA MICRO MANUAL HAHAHAHAHAHA https://t.co/X5o4upbBIZ''
928738464610238464,14.683012,121.0627355,"''Mixed feelings. I could rest longer, but when I think abt the missed lessons &amp; my other things to do... #walangpasok #threehundredfourteenth''"
928670180930084864,16.843279,121.5630475,''#WalangPasok sana para walag quiz di ako ready eh hahaha''
928648293751521281,14.407883,121.03131,''Nagaaral po kami nang mabuti.. tapos po walang pasok? ;( HAHAHAHAHAHAHAHHAHA https://t.co/uBpkkBj1uQ''
928649625233342464,14.683012,121.0627355,''ü§òüèº https://t.co/zr2QbGWZHY''
928643406229733376,13.2199765,121.241867,"''Kung walang mami, sa-LOME nalang tayo.  #SalomePH''"
928639158720925696,14.646971,121.104887,''HAHAHHAHAHAH https://t.co/Bhe6pZDZaS''
928650269331677184,14.6879375,121.170794,''@mrkpsc signal no.2 https://t.co/FoxQpH5ZFC''
928655851149172738,16.397208,121.133401,''Vizcaya din sana. Para ma-move exams ng alaga ko. Hahahaha. #WalangPasok #SalomePH''
928652879144955904,14.683012,121.0627355,''BERI BERI LONG WEEKEND YAY LUV ET https://t.co/6GW3RiaszI''
928651161179000833,14.5464995,121.033212,''HAHAHAHAHAAH TANGINA https://t.co/NgEggjp60G''
928643408352100353,14.5914565,120.9839865,''‚ù§Ô∏è https://t.co/560UPdXK1M''
928651749413363712,14.7108935,121.0311415,''Mag eenroll na nga ako Bukas eh!!! üò≠üíîüò≠ https://t.co/BH19Eyd7NW''
928654313483673601,14.7108935,121.0311415,''Thank you ninong! Hahaha https://t.co/ZgzE4eAvlB''
928646713148968961,14.5914565,120.9839865,''My chances of meeting my crush(es) are now back to zero üôÉ #WalangPasok''
928669183931326464,14.4304565,120.9695015,''At mapapagood job ka https://t.co/A51Ap1OepK''
928685094813908992,14.3994195,120.9304795,''Kamusta kaya sitwasyon ng aguinaldo highway passable ba? #SalomePH''
928644012482838528,14.5914565,120.9839865,''#WalangPasok oops all nighters''
928642178783395842,14.5914565,120.9839865,''yaay #FierceTamaraws https://t.co/526RXLHgqn''
928653602305929216,14.5755474,121.0275404,''Maraming Thank you Mayora! Labyou Mommy‚ù§ #WalangPasok https://t.co/A7n8Awly32''
928738552606744576,15.5931,120.7391,''‚íà #MakeMeAngryIn5Words ‚íâ #ALDUBManaligSaPuso ‚íä #WelcometoMNLHyungsik ‚íã #SalomePH ‚íå #LLSBlackParty  2017/11/10 05:32 +08''
928651174961602560,14.646971,121.104887,''Dapat talaga may pasok bukas eh. Wala naman ulan bukas üòÇüòÇüòÇ  #WalangPasok''
